,pid,ml_e_m,ap_e_m,dv_e_m,ml_t_m,ap_t_m,dv_t_m
0,47be9ae4-290f-46ab-b047-952bc3a1a509,3817.782,6612.415,332.000,5060.862,6612.415,7915.576
1,6be21156-33b0-4f70-9a0f-65b3e3cd6d4a,2898.664,7339.864,332.000,3986.139,7339.864,4697.766
2,1e176f17-d00f-49bb-87ff-26d237b525f1,3382.908,7339.864,522.960,4470.383,7339.864,4888.727
3,701026df-e170-4ca7-88aa-eb0b95ef6ba1,3283.118,8552.279,332.000,2466.132,8552.279,5316.129
4,6506252f-1141-4e11-8816-4db01b71dda0,3274.819,7097.381,577.198,2184.520,7097.381,7228.712
5,d213e786-4b1c-477d-a710-766d69fa1ac1,3382.803,8794.762,522.847,4470.332,8794.762,4888.832
6,73ff4936-8cd3-4a75-a772-f563e67d249d,3951.920,5837.245,1795.164,5039.368,5837.245,6160.821
7,664600f8-a8b6-416c-adca-3ad7b423f771,3800.029,4672.551,1222.395,2814.029,4672.551,7237.623
8,7b05cccc-44f6-4491-a0ea-e38d6e95513d,3542.466,4001.843,2119.797,4651.772,4001.843,6573.206
9,99993a2b-588e-4c0c-bfec-e3dfb4f61534,3945.408,3350.436,1907.819,4899.477,3350.436,5738.015
10,298e2a70-9801-45f0-b91c-d6bb9718427e,4898.454,3944.811,1196.520,5985.929,3944.811,5562.286
11,9dff5593-e781-41a3-a6f9-20d06085e4f8,6241.206,4672.551,1007.706,4407.495,4672.551,7459.576
12,c4b5a9fa-10cb-4195-9c17-15b6a1f77f9a,3249.294,4187.391,1383.864,2442.195,4187.391,6307.681
13,f93bfce4-e814-4ae3-9cdf-59f4dcdedf51,3382.908,7339.767,1172.565,4555.777,7339.767,5881.153
14,511afaa5-fdc4-4166-b4c0-4629ec5e652e,8817.887,11565.179,3595.390,9285.229,11565.179,5471.578
15,decc8d40-cf74-4263-ae9d-a0cc68b47e86,4682.592,4243.356,980.588,3951.428,4243.356,5441.155
16,16ad5eef-3fa6-4c75-9296-29bf40c5cfaa,8494.777,11448.400,2947.706,9196.824,11448.400,5766.136
17,66f810a8-b18d-4b54-9f28-2964dfceccad,6579.126,5168.865,685.785,4664.706,5168.865,7421.629
18,7332e6cf-9847-4aca-b2e3-d864989dd0fb,6225.870,10415.228,1057.876,4422.194,10415.228,7404.065
19,789fd2ee-c755-46c5-9c6f-260092520216,2653.706,10734.433,1964.090,3741.181,10734.433,6329.857
20,b7c57ce1-a75b-410a-94b6-8abee5a92c4f,4904.861,9279.922,543.412,5992.309,9279.922,4909.070
21,43b9b189-5221-46a0-928a-e137bc326534,3885.008,9671.969,1448.271,2977.551,9671.969,6984.337
22,c410fda5-a6db-4697-a7e3-6ed65601844d,3864.525,9493.501,1384.542,4951.973,9493.501,5750.200
23,ce0dc660-f19e-46a3-94f9-646bebae6805,1611.059,9037.148,2793.130,1108.482,9037.148,5859.165
24,ef7e9f3e-a53a-4e00-8f6a-537667af2bea,1298.874,9336.663,3309.062,1986.240,9336.663,6068.554
25,4431f9fd-aaa8-4b10-905c-0c6869ea1088,2413.160,10249.467,2892.000,3500.635,10249.467,7257.766
26,5f7766ce-8e2e-410c-9195-6bf089fea4fd,2778.286,9845.975,2357.198,2090.679,9845.975,6552.034
27,7441d0df-ef9b-419b-ae4d-b9bd7c2f17cb,8827.130,11795.150,3553.582,8482.278,11795.150,5657.398
28,e9c04e7e-c075-4ee3-9750-dff255ec7e84,8098.034,11704.462,3118.215,8744.483,11704.462,5713.445
29,18be19f9-6ca5-4fc8-9220-ba43c3e75905,4351.080,8067.313,272.113,3257.115,8067.313,6945.994
30,1a60a6e1-da99-4d4e-a734-39b1d4544fad,3382.803,7339.573,437.537,4470.250,7339.573,4803.194
31,76f16631-cbf7-4883-9437-4e8d8c4f34a3,8560.113,11947.139,2144.994,7782.181,11947.139,6890.877
32,e7080659-8319-48a6-b6fd-2e8ce8eeec49,4898.559,8309.796,503.751,5988.562,8309.796,4879.668
33,7c11adc6-adbd-484f-8ae9-13946285e3f8,8835.954,10835.597,2198.328,8073.726,10835.597,6848.401
34,e4632651-5ba7-48a7-86db-5298b45a5bac,3854.441,10249.661,1130.305,4941.916,10249.661,5496.072
35,98bde8a6-6b6a-4e53-96b1-9078c3974a97,2100.239,3945.005,2428.497,3187.660,3945.005,6794.045
36,79fbd14b-bfad-4b28-90a9-3019bf72336f,2439.630,5400.388,1729.175,3527.051,5400.388,6094.723
37,f8249eab-d4c2-4fb0-a258-7f4b99fa19e4,2544.147,3944.811,1995.051,3631.595,3944.811,6360.708
38,7587e3bb-dd11-4853-b48b-feab0b56ae05,4894.357,10492.144,982.508,3862.865,10492.144,7275.263
39,450cea3b-9289-4708-9df2-a2518bdc4b59,4393.307,3945.005,1112.452,5480.646,3945.005,5477.673
40,afecbc7f-10e3-40af-b091-cca9e8df6108,1540.681,9522.211,2689.062,1182.604,9522.211,4873.555
41,9991277b-9e8e-4db8-b8a6-e2c0176ef9ad,4898.664,10678.565,1368.497,5995.980,10678.565,5773.774
42,aeb06797-fddf-4ad2-b0ef-dd1b0f54d034,6256.857,9037.245,906.802,4493.352,9037.245,7111.653
43,5e84c8e7-236f-4a64-a944-dc4a17c64f1d,4990.050,5655.286,722.056,3828.888,5655.286,7805.884
44,8fbfa285-d721-4a1a-8c18-f36652c17909,2861.374,7367.895,1072.226,3890.397,7367.895,5203.332
45,00a824c0-e060-495f-9ebc-79c82fef4c67,4442.782,8398.254,1041.605,5373.932,8398.254,4779.792
46,e070023a-2a5d-4398-ad66-f9ed5d517ad1,7545.723,10851.988,1580.362,6577.926,10851.988,7484.534
47,0393f34c-a2bd-4c01-99c9-f6b4ec6e786d,3721.458,7316.101,430.079,4888.373,7316.101,5114.765
48,f86e9571-63ff-4116-9c40-aa44d57d2da9,3379.756,7340.252,507.254,4582.041,7340.252,5333.936
49,fd555d39-b728-44aa-90d2-796b8bb58300,4695.197,4548.691,1250.983,3607.288,4548.691,7887.920
50,531423f6-d36d-472b-8234-c8f7b8293f79,3418.202,7104.656,1018.441,4487.108,7104.656,5309.662
51,ae2b9f1b-ebe3-4b56-8957-31982186e6ec,4346.143,4264.306,500.475,5535.868,4264.306,5276.732
52,e55266c7-eb05-47bb-b263-1cc08dc3c00c,8088.265,7310.572,536.746,6989.915,7310.572,4946.170
53,f2ee886d-5b9c-4d06-a9be-ee7ae8381114,3322.193,7341.707,585.672,4360.270,7341.707,4753.124
54,b46e219c-6a87-4a93-9924-1070841381e9,2937.214,6378.661,514.486,4104.755,6378.661,5201.682
55,5810514e-2a86-4a34-b7bd-1e4b0b601295,3466.836,6488.167,349.514,4753.972,6488.167,5516.835
56,1841cf1f-725d-499e-ab8e-7f6fc8c308b6,3261.899,8552.376,710.757,2207.971,8552.376,7140.383
57,220bca21-4cf8-43f1-a213-71645899c571,2868.202,7787.876,714.147,3949.179,7787.876,5053.828
58,461ecb39-ab58-4a6c-acd7-22da5b4b4b22,4321.038,8530.553,556.068,3153.327,8530.553,7679.844
59,8d59da25-3a9c-44be-8b1a-e27cdd39ca34,3273.349,7281.571,417.650,4405.900,7281.571,4964.377
60,188fe7d5-fd1c-494f-88bc-672d77b9779e,4365.471,6287.779,418.893,5498.538,6287.779,4967.694
61,0ce74616-abf8-47c2-86d9-f821cd25efd3,4793.622,10152.667,1461.944,5979.513,10152.667,6222.812
62,e10a7a75-4740-41d1-82bb-7696ed14c442,7625.450,8945.102,536.972,6467.968,8945.102,5183.784
63,0eb65305-bb95-4bf1-a154-1b810c0cff25,2440.261,6909.505,936.068,3553.346,6909.505,5404.648
64,f9656eee-141c-453d-a016-4aba68f674dc,2790.155,6595.538,814.486,1660.384,6595.538,7706.805
65,d585f4b5-d154-4666-92c4-eb219f1e0f02,8092.256,7345.587,937.424,7052.549,7345.587,5111.424
66,eeb27b45-5b85-4e5c-b6ff-f639ca5687de,3381.227,7343.550,765.898,4399.729,7343.550,4854.766
67,acf04c3f-650a-4de0-b0d0-edf695dd2025,4393.307,3017.071,995.955,5469.418,3017.071,5316.099
68,5458cb27-d065-4626-bcd8-1aa775e1115e,6230.702,3242.095,763.977,4886.191,3242.095,5494.606
69,2d2cdf86-4a0c-42d8-aed3-5b187f160013,3837.529,4195.732,887.480,2951.723,4195.732,6291.460
70,79628a45-c2e3-4206-97df-4c91edaff90f,3419.042,4418.429,1096.859,4522.449,4418.429,5526.584
71,c42574be-0456-437f-8329-afc5a63b7e78,4888.160,5155.189,737.085,3760.468,5155.189,7616.718
72,e88eb9f8-fff3-469a-854d-d16adef19df0,4421.248,5400.000,653.921,5522.534,5400.000,5075.133
73,69f42a9c-095d-4a25-bca8-61a9869871d3,3359.168,7345.684,497.424,4445.746,7345.684,4859.588
74,8169d556-f994-4735-b4c8-f7c85ddc39b0,8086.689,7339.864,612.678,6966.862,7339.864,5108.326
75,f4ff3ff8-19b7-40c7-bf6f-8b577b811ed1,4360.008,5175.752,706.802,3226.991,5175.752,7618.929
76,9f99bd34-40d4-4aac-ae2b-7bc7f7086ccb,3991.101,2383.996,424.768,5155.216,2383.996,5098.212
77,62a97aee-9f8b-40be-9ea7-f785ede30df8,4621.668,2402.522,509.175,5695.251,2402.522,4819.169
78,e52942b9-62b8-4cbf-9597-d73aea5cdb3e,6598.454,11631.523,1400.588,5587.446,11631.523,7568.377
79,7bc16ab1-1b0d-4f52-9e4b-210106ea344c,7033.643,11454.801,1663.299,6037.647,11454.801,7739.508
80,8d0a5caf-2be2-48c1-bf1a-f538bacd46b4,6058.013,11225.315,849.853,7160.005,11225.315,5273.903
81,516b2043-0176-49a3-a986-132b3d02f28a,6767.992,4145.684,665.559,8640.276,4145.684,7253.148
82,44f5caad-c703-4279-866b-0303e57d2a7f,2630.597,9211.833,1028.610,3784.326,9211.833,5660.361
83,f74a6b9a-b8a5-4c80-9c30-7dd4cdbb48c0,6771.143,3678.274,405.220,4972.903,3678.274,6732.284
84,e42e948c-3154-45cb-bf52-408b7cda0f2f,3351.395,7366.440,493.582,4745.701,7366.440,6091.149
85,c07d13ed-e387-4457-8e33-1d16aed3fd92,3377.550,7345.878,332.000,2255.276,7345.878,4837.471
86,53ecbf4f-e0d8-4fe6-a852-8b934a37a1c2,7057.277,8797.672,332.000,6159.487,8797.672,5809.089
87,b543e81e-4c8f-415e-82ec-631b177d19d2,4620.303,8795.732,332.000,5514.445,8795.732,5786.833
88,9150758e-1390-41d1-b426-96675e60dbea,7359.798,8882.638,332.000,6507.901,8882.638,5529.114
89,fe2d6fc9-b0c4-4256-b427-9c06950da925,4145.513,8943.162,332.000,4997.520,8943.162,5529.782
90,ea931b15-6214-4b80-8d88-7acbbe071bc0,6946.563,9133.463,332.000,6070.534,9133.463,5676.335
91,31811232-52ef-456c-9772-5021c00b2bc9,8642.361,7335.984,432.565,7785.065,7335.984,5662.617
92,fa539f97-a078-4fc6-9a12-237799466d9c,3022.613,7541.610,332.000,3879.910,7541.610,5562.052
93,c0c3bcca-6a79-47ef-becb-b1a157a3f2cb,6673.874,8826.770,332.000,6234.250,8826.770,5737.341
94,d595ee58-75bb-4df3-96de-d9b4f4d1f6ab,5332.487,8546.460,332.000,5772.203,8546.460,5738.467
95,15a2a63f-739d-4eb0-ab8f-fc95b6299b68,4920.723,8654.122,332.000,5396.967,8654.122,6187.599
96,46448da7-ad7b-4ca8-b3ab-2d1d47439cbf,7229.546,8408.729,332.000,6771.612,8408.729,5962.470
97,3675290c-8134-4598-b924-83edb7940269,4645.513,9171.096,332.000,4205.248,9171.096,5745.221
98,82765a73-2a03-42ca-ba98-194247caa62e,3370.303,7562.949,332.000,3819.356,7562.949,5853.282
99,adca9242-0725-41d4-8eb1-5655a464431d,4910.218,4360.233,332.000,5997.965,4360.233,4698.858
100,e8129a86-b5a9-4d2e-9e9c-09689c9bf0b3,4391.311,7555.189,446.124,3233.413,7555.189,7510.033
101,6a22a5b4-79ec-4b3c-b023-1ec7b4a2b675,5130.912,4066.343,332.000,6218.659,4066.343,4698.858
102,aab5be05-5c1c-4c08-9739-1274bc3bcf4f,4882.487,7759.748,332.000,3783.816,7759.748,7034.590
103,26af22bb-b295-4a45-8ed3-1700604c0708,4671.248,4395.829,332.000,5759.267,4395.829,4699.949
104,f44d2056-644c-4769-a189-7efe67b0269d,5001.395,7993.307,685.672,4034.109,7993.307,6586.729
105,45e7731f-4a43-45d5-9029-c080150bc596,6506.857,3874.297,332.000,5777.061,3874.297,4784.221
106,b749446c-18e3-4987-820a-50649ab0f826,3373.244,7362.367,332.000,4461.262,7362.367,4699.949
107,530f1670-9412-44ac-afdb-935d46bcaad3,7595.618,9184.384,269.401,6507.572,9184.384,4637.460
108,97207d87-3fcd-4ebb-b0c7-087bdbf8a95c,3891.416,9281.668,299.006,4979.217,9281.668,4666.082
109,f0dfd1c1-d315-4cf8-9130-05d3be2ea0cb,4839.630,10067.216,59.684,3836.174,10067.216,6181.404
110,70da415f-444d-4148-ade7-a1f58a16fcf8,3339.210,7416.683,841.605,4426.903,7416.683,5208.244
111,63435e73-6a72-4007-b0da-03e6473e6870,1430.912,9186.712,2352.226,2518.659,9186.712,6719.084
112,8d661567-49f3-4547-997d-a345c0ffe2dd,1579.546,6444.229,2620.701,1076.951,6444.229,5686.847
113,1a276285-8b0e-4cc9-9f0a-a3a002978724,2768.727,4673.715,1737.763,1969.143,4673.715,6615.733
114,72274871-80e5-4fb9-be1a-bb04acebb1de,1564.840,9119.884,1965.446,2652.315,9119.884,6331.213
115,ad315779-2b39-46c4-8348-b166e796fa7c,7045.723,3014.549,1513.921,5957.758,3014.549,5881.652
116,df350b09-a420-42bb-9952-17862cbb9f1c,4470.828,2983.317,3091.322,5558.738,2983.317,7458.835
117,cc9d666c-6fe5-418d-9b37-114428d25454,4016.521,8277.983,59.684,5104.485,8277.983,4427.415
118,1df6ebb3-9d16-4c0f-96cc-e1b1596d2006,1708.118,7460.233,1808.497,844.072,7460.233,7079.722
119,2c401cbd-b95c-4ebe-8a83-92b55ab49542,3222.508,2505.529,1753.356,4282.144,2505.529,6007.359
120,0a0184b3-9e1a-4c36-98f4-00ae3beb8f01,2225.239,9528.613,2377.085,1494.513,9528.613,6834.981
121,625a7bc9-00cf-44f6-a508-3ed89d23ba3a,1407.487,9308.632,2341.492,2484.713,9308.632,6666.111
122,bbe6ebc1-d32f-42dd-a89c-211226737deb,3428.076,7475.655,332.000,4474.770,7475.655,4534.050
123,f639f4f3-ac14-4114-b712-f445463597e4,6369.252,6757.905,332.000,4517.360,6757.905,6847.839
124,f2a098e7-a67e-4125-92d8-36fc6b606c45,3266.311,7667.701,83.412,4353.867,7667.701,4449.506
125,3282a590-8688-44fc-9811-cdf8b80d9a80,1747.403,7980.019,332.000,489.976,7980.019,4048.299
126,ff5fceaf-8247-42ab-a187-f7876441899d,4005.807,2053.734,332.000,4930.160,2053.734,4042.901
127,100433fa-2c59-4432-8295-aa27657fe3fb,1537.319,8600.776,332.000,807.705,8600.776,4783.108
128,d591a59c-b49b-46ba-a914-df379ada9813,4121.353,2393.210,332.000,5192.307,2218.842,4697.766
129,6b6af675-e1ef-43a6-b408-95cfc71fe2cc,3428.076,7362.173,332.000,4515.551,7362.173,4697.766
130,b2ea68e2-c732-4d17-8166-1a8595fff225,2464.840,8096.411,332.000,920.001,8096.411,4897.738
131,49a86b2e-3db4-42f2-8da8-7ebb7e482c70,2074.084,4790.883,332.000,1508.633,4790.883,3781.609
132,3c283107-7012-48fc-a6c2-ed096b23974f,4709.588,8503.783,332.000,5712.808,8503.783,6452.274
133,4ea45238-55b1-4d54-ba92-efa47feb9f57,2881.857,9861.688,332.000,1486.056,9974.447,4473.018
134,d4291925-ad00-47fe-baaf-3fdff0991e86,5003.706,8833.560,332.000,6091.181,8833.560,4697.766
135,ad714133-1e03-4d3a-8427-33fc483daf1a,3428.076,7339.864,332.000,4515.551,7339.864,4697.766
136,d7ec0892-0a6c-4f4f-9d8f-72083692af5c,7314.630,10433.948,332.000,6227.155,10433.948,4697.766
137,be9a2119-a4d7-4e62-82a1-b1a6623ecc99,2692.782,8484.384,332.000,1744.283,8484.384,6118.441
138,f336f6a4-f693-4b88-b12c-c5cf0785b061,3428.076,8600.776,332.000,2366.487,8600.776,6808.363
139,44fc463b-405f-4048-9242-ac018b9f50f7,3382.908,6854.898,577.198,4470.383,6854.898,4942.964
140,818d2996-766a-4fd9-82b8-7e4cb080af0e,2439.630,6369.932,1115.051,3527.105,6369.932,5480.817
141,febb430e-2d50-4f83-87a0-b5ffbb9a4943,3382.908,7339.864,522.960,4470.383,7339.864,4888.727
142,1a166c4f-4c53-422e-8473-b3cff85e6750,4379.756,7339.864,308.271,5467.231,7339.864,4674.038
143,c16b8e98-100f-40ce-b417-b1524c7e1270,1981.647,8794.762,1223.525,3069.122,8794.762,5589.292
144,b76f24ea-95b1-4a0e-95eb-9c39b1283c40,2898.664,8794.762,684.542,3986.139,8794.762,5050.309
145,07abb39b-063b-4ef8-b3ab-963c6a1b5cc5,3868.202,8794.762,362.508,4955.677,8794.762,4728.275
146,b9b101cf-24d3-4c2a-8464-bc91b9f0c767,2425.975,9279.728,1007.706,3513.450,9279.728,5373.473
147,c6ba6f8e-c13e-410f-b7df-e193ba0d239d,3356.647,9764.694,738.780,4444.122,9764.694,5104.546
148,9373cd09-a591-42be-9343-ed6f06b7056d,2413.370,10249.661,1492.452,3500.845,10249.661,5858.218
149,63679ae2-6c87-495b-b888-a7273e545636,3098.244,10734.627,2456.294,4185.719,10734.627,6822.060
150,c2363000-27a6-461e-940b-15f681496ed8,2898.664,6854.898,738.780,3986.139,6854.898,5104.546
151,b40d8c65-7ee8-4069-8b64-1a3f7907742f,3382.908,8309.796,469.853,4470.383,8309.796,4835.620
152,ccb501d1-a4fa-41c6-819e-54aaf74d439d,4379.756,6854.898,362.508,5467.231,6854.898,4728.275
153,eb99c2c8-e614-4240-931b-169bed23e9f5,3382.908,6854.898,577.198,4470.383,6854.898,4942.964
154,2aea57ac-d3d0-4a09-b6fa-0aa9d58d1e11,3881.857,6854.898,469.853,4969.332,6854.898,4835.620
155,26118c10-35dd-4ab1-9f0f-b9a89a1da070,3396.563,4915.034,1223.525,4484.038,4915.034,5589.292
156,898f8971-31e9-4fdb-b66e-2ae6d3a33a5b,4379.756,4915.034,953.469,5467.231,4915.034,5319.235
157,b7612153-372f-415a-9770-7101fbbbdc59,3370.303,5884.966,793.017,4457.778,5884.966,5158.783
158,0e8d3cb3-2e4c-47a0-8bb4-65d2cc3161c6,4373.454,5884.966,605.446,5460.929,5884.966,4971.213
159,0925fb1b-cf83-4f55-bfb7-aa52f993a404,2871.353,10249.661,1223.525,3958.828,10249.661,5589.292
160,9f78a787-c6d5-4e51-b4fb-1552e81eccd5,2911.269,6369.932,900.362,3998.744,6369.932,5266.128
161,5c278ffe-6452-4c36-b17f-2050c74e13b1,3265.261,6127.449,793.017,2110.464,6127.449,7838.009
162,c4f6665f-8be5-476b-a6e8-d81eeae9279d,3382.908,7339.864,522.960,4470.383,7339.864,4888.727
163,57acb640-4f64-4a89-bedf-69351a3aea75,6180.176,2732.687,1867.593,4778.819,2732.687,6798.236
164,bebe7c8f-0f34-4c3a-8fbb-d2a5119d2961,3382.908,6369.932,684.542,4470.383,6369.932,5050.309
165,4755877d-fd14-42b3-bc15-e1996d153015,6766.311,4187.585,1115.051,5046.477,4187.585,7166.245
166,695476f6-4c14-4a2f-b658-948514629079,2439.630,5884.966,1276.633,3527.105,5884.966,5642.399
167,4f46198d-c54d-4627-9e4e-3c8fd4c3c070,6226.395,4187.585,1169.288,4506.561,4187.585,7220.482
168,af775340-53d0-43cd-9cda-48e32b95adca,2898.664,5400.000,1169.288,3986.139,5400.000,5535.055
169,b910cbe2-0c68-40b2-b9f1-268e7c28320a,6241.101,4672.551,1007.706,4367.711,4672.551,7599.185
170,ecde7e20-f135-47dd-8f96-adac49e4942e,2911.269,4915.034,1383.977,3998.744,4915.034,5749.744
171,091392a5-73f6-40f3-8552-fa917cf96deb,6241.101,6127.449,524.090,4652.712,6127.449,6112.800
172,d258bca2-bf18-4491-8d57-5322f705caec,3436.479,3945.102,1652.904,4523.954,3945.102,6018.670
173,1ef94d02-d51a-491f-a313-1bb5238d6b8b,4351.395,4187.585,1169.288,3308.229,4187.585,7533.260
174,b375a0ee-4c5a-4a53-9cea-d753f206e5c5,4373.454,5400.000,765.898,5460.929,5400.000,5131.665
175,954b1983-e603-4611-ba15-dc2db6f988ab,3868.202,6369.932,522.960,4955.677,6369.932,4888.727
176,d1af1003-247b-4f76-988f-d55cbb72aa80,4351.395,4672.551,1060.814,3249.313,4672.551,7784.213
177,03c42ea1-1e04-4a3e-9b04-46d8568dcd02,8543.622,10977.110,1922.960,7631.604,10977.110,7486.846
178,95fd67e6-cbff-4356-80c7-5a03b1bf6b8a,2898.664,7339.864,684.542,3986.139,7339.864,5050.309
179,ce99545f-c6a5-4d53-8b68-0ceb78bd942e,8044.672,10977.110,1761.379,7077.933,10977.110,7659.097
180,dab512bd-a02d-4c1f-8dbc-9155a163efc0,3382.908,7339.864,522.960,4470.383,7339.864,4888.727
181,cab81176-36cd-4c37-9353-841e85027d36,2885.008,9764.694,954.599,3972.483,9764.694,5320.365
182,d06f4b61-42c1-4a8d-a2a5-c1cf8f7d0e47,4373.454,9522.211,605.446,3351.994,9522.211,6836.998
183,19c9caea-2df8-4097-92f8-0a2bad055948,3265.261,5642.483,954.599,2189.080,5642.483,7519.984
184,c2184312-2421-492b-bbee-e8c8e982e49e,5025.765,9764.694,1116.181,6113.240,9764.694,5481.947
185,11f70c37-a546-439a-9fb7-da6b6ebfb0cb,8560.429,11947.042,1819.006,7648.411,11947.042,7382.891
186,bdb2ec51-d948-4428-b2cc-2c6cd5bf5fe3,4379.756,10734.627,1276.633,5467.231,10734.627,5642.399
187,f26a6ab1-7e37-4f8d-bb50-295c056e1062,3382.908,7339.864,522.960,4470.383,7339.864,4888.727
188,a6fe3779-2b77-4b66-a625-a6078720e412,3382.908,7824.830,469.853,4470.383,7824.830,4835.620
189,fb0de39b-c750-4adc-af18-12bf8a22ed41,3318.832,9522.211,631.435,2406.814,9522.211,6195.321
190,19e0bf1e-018e-40cb-9acd-af8f0f66bd4a,2425.975,7824.830,846.124,3513.450,7824.830,5211.891
191,ecd07b7e-6450-4e31-bef1-f195129eb3d3,2696.983,5157.517,1383.977,1894.408,5157.517,6280.197
192,63517fd4-ece1-49eb-9259-371dc30b1dd6,3382.908,7339.864,522.960,4470.383,7339.864,4888.727
193,1ff5ce1f-5500-444b-ad5f-70f90dd22ac3,2425.975,7339.864,900.362,3513.450,7339.864,5266.128
194,6d24683c-da42-4610-baf0-7ceee7014394,8095.092,7339.864,522.960,7007.617,7339.864,4888.727
195,6aa08c75-8ee5-457d-9794-b89ee1c4453f,3881.857,8309.796,362.508,4969.332,8309.796,4728.275
196,c250d4f4-7516-4cf1-a8bd-04873ca9e21c,6256.857,9037.245,415.616,4537.024,9037.245,6466.810
197,a3ebc7f4-813a-4f06-a33e-9825c878f9c2,6789.420,9037.245,389.627,4885.319,9037.245,7089.163
198,a4d9d9d5-6ea3-4234-aa28-e064e83626fa,3382.908,8794.762,522.960,4470.383,8794.762,4888.727
199,25a9182c-4795-4768-af47-98975d2d2a8a,6210.639,10007.177,1116.181,4429.382,10007.177,7383.489
200,ba291bec-4492-4d7f-a6aa-483ebb64b3c3,4898.664,8794.762,282.282,5986.139,8794.762,4648.049
201,2400a2fa-0335-480b-ac8d-a478171f3a55,3848.244,9764.694,58.554,4935.719,9764.694,4424.320
202,cde137a5-7a93-4968-ab61-5aedbd9ce3fb,6705.387,10007.177,1222.395,4893.419,10007.177,7597.761
203,41dc1107-fbcb-4174-a262-19928c355018,4885.008,6127.449,524.090,3735.866,6127.449,7534.586
204,b939cc85-6028-404a-995d-28c8405a07db,4373.454,9764.694,605.446,5460.929,9764.694,4971.213
205,779fbed1-4b0e-4d7d-8882-6650690221a0,4359.798,6127.449,524.090,3174.175,6127.449,7757.142
206,bfda40f8-a7a7-47cd-a439-39fb5cd7873f,3938.580,10734.627,1612.226,5026.055,10734.627,5977.992
207,4f10fbb7-57be-427b-bb1d-a19bd31dc27b,2062.529,7630.844,332.000,3136.411,7630.844,4643.194
208,b73ef9cf-462c-4de3-ae61-5907790ebd0e,3323.034,8067.313,332.000,3323.034,8067.313,332.000
209,df7d2ca7-068b-4df2-9782-8f6bb7d67f18,2115.050,7339.864,332.000,3202.525,7339.864,4697.766
210,2a7caaa4-1710-49a1-ade4-db0a986ae6f5,4393.412,3945.102,1276.633,5480.887,3945.102,5642.399
211,bef552f5-efd8-4e98-8467-d54ac7c4ef41,3813.580,4187.585,2306.011,2959.019,4187.585,7519.372
212,c17772a9-21b5-49df-ab31-3017addea12e,3376.605,7367.992,664.203,4533.135,7367.992,5307.196
213,3530526e-e690-4222-878f-0f9f401fa759,2730.597,7565.858,348.949,1624.866,7565.858,7094.604
214,55423355-281c-41f2-8ef7-5aa098ffbbed,2188.580,7103.201,1371.548,1299.180,7103.201,6797.449
215,316a733a-5358-4d1d-9f7f-179ba3c90adf,2472.193,7383.511,1353.469,3590.389,7383.511,5842.568
216,3fd2d2b3-9415-4b6e-b392-40427fb1c388,4297.824,4076.043,1709.401,3274.722,4076.043,7950.968
217,1e104bf4-7a24-4624-a5b2-c2c8289c0de7,3320.933,7899.515,522.960,2171.243,7899.515,7536.795
218,6638cfb3-3831-4fc2-9327-194b76cf22e1,4898.664,2506.693,1841.605,6013.598,2506.693,6317.607
219,da8dfec1-d265-44e8-84ce-6ae9c109b8bd,6747.403,5172.066,846.124,4863.571,5172.066,7474.343
220,6fc4d73c-2071-43ec-a756-c6c6d8322c8b,3410.218,7392.241,522.960,4497.693,7392.241,4888.727
221,eb04cc7c-7c10-4e7f-8593-9c3b9b6986f5,6862.950,5642.483,710.531,4958.848,5642.483,7410.067
222,b33e4298-a735-4781-8dea-d7203b4137fb,6269.462,5640.543,603.186,4334.649,5640.543,7410.780
223,d151b391-e6e4-4daf-bd9c-191f4ad837b4,3880.807,7409.699,613.356,4954.688,7409.699,4924.550
224,0f306cdc-878a-4ea0-9e91-b97736731637,4372.403,7913.094,648.384,5432.691,7913.094,4905.006
225,8386f396-0a69-48b5-98d4-18801066ea76,6690.681,5002.328,846.124,4878.713,5002.328,7221.489
226,31d8dfb1-71fd-4c53-9229-7cd48bee07e4,2994.252,3938.312,1710.531,4068.134,3938.312,6021.725
227,68f5f1e4-5e88-4aa5-8a1a-94b691adb11e,4490.050,5166.246,846.124,3523.129,5166.246,6744.956
228,02328ef5-47d4-4690-b020-04b6315aa2d6,3831.437,5109.020,1320.701,2901.179,5109.020,6995.864
229,06c6741e-9f2a-4114-8ca9-0dc5ccc951e6,4019.462,3457.226,1598.667,5079.750,3457.226,5855.289
230,8ee585ba-d055-4bb5-bc5f-2266a3d62bf4,4833.538,8011.057,587.367,3812.078,8011.057,6818.919
231,367ea4c4-d1b7-47a6-9f18-5d0df9a3f4de,8207.487,11216.683,1599.797,8918.861,11216.683,5939.627
232,9b3ad89a-177f-4242-9a96-2fd98721e47f,2719.042,7582.347,738.780,1743.183,7582.347,6692.137
233,63a32e5c-f63a-450d-85cb-140947b67eaf,3449.084,7347.624,1012.226,4536.559,7347.624,5377.992
234,6eb8be8d-d089-43c6-b2e4-a6558ca16dcf,4924.924,5400.000,858.554,6012.399,5400.000,5224.320
235,b78b3c42-eee5-47c6-9717-743b78c0b721,2418.622,8807.371,1037.085,3506.097,8807.371,5402.851
236,61ed1a53-2f33-4a83-82ba-ec7dfa65bf60,2180.176,8580.407,1068.723,1332.365,8580.407,6240.911
237,bbf6a51e-2999-4982-803f-8769db095dd2,4431.227,10385.451,1167.028,5518.702,10385.451,5532.795
238,e31b4e39-e350-47a9-aca4-72496d99ff2a,3428.076,7542.580,2041.605,4515.551,7542.580,6407.371
239,2d544e7f-c8af-46b5-aaa0-caf0ad4d63a1,7716.941,11798.642,1513.921,8804.416,11798.642,5879.687
240,64f4afa4-ec5f-4ad6-ab28-415a9a8098ed,2993.202,8051.794,1791.887,1985.604,8051.794,7938.868
241,64aadf54-d662-4934-8c08-cad14ee5b69f,6586.689,11714.258,1388.497,7674.164,11714.258,5754.264
242,834fca72-0b69-44e4-b77e-95a61290b50d,5111.899,7585.257,715.051,4097.735,7585.257,6902.092
243,8ac7e5d5-57a4-41c8-a35d-8195784bfe95,6775.765,6921.823,585.107,4887.019,6921.823,7230.615
244,36362f75-96d8-4ed4-a728-5e72284d0995,3326.185,7346.654,1204.316,4413.660,7346.654,5570.083
245,fddceb2e-82ba-493d-baba-c5d8af65981f,3889.210,4424.248,1276.633,4976.685,4424.248,5642.399
246,c2ebf259-9777-4a8f-b1de-5302776961d2,4277.866,4593.986,1442.734,3347.607,4593.986,7117.898
247,688606f8-9733-46f2-8331-b2dd84c5d385,6544.672,3112.900,1138.780,5123.353,3112.900,6139.659
248,eab03c6e-bf98-48d2-8a0c-1887f34dd554,4767.361,5934.433,769.288,5854.836,5934.433,5135.055
249,be95fb3b-d607-409a-968e-98a3e9bcb577,6234.798,2677.401,1241.605,4873.673,2677.401,6030.692
250,af2a0072-e17e-4368-b80b-1359bf6d4647,4732.697,4663.822,750.079,5974.322,4663.822,5734.693
251,b8dbd3af-a589-41e4-878c-3372eaa1a8f6,4923.874,4715.228,882.282,3902.414,4715.228,7113.834
252,5a4740a3-8e93-495d-b6cf-83dccba01d7a,7239.000,11340.834,1478.893,6290.502,11340.834,7265.334
253,f4bd76a6-66c9-41f3-9311-6962315f8fc8,3537.319,7507.662,994.147,4624.794,7507.662,5359.913
254,664de6d9-bba2-424b-b76c-bb61900c015f,3827.235,6130.359,990.757,2732.814,6130.359,7667.420
255,adcd791c-ead3-4572-a9cb-028bbee1d2e4,4368.202,3785.063,1472.113,5455.677,3785.063,5837.879
256,523f8301-4f56-4faf-ab33-a9ff11331118,3364.000,7248.691,1132.000,4451.475,7248.691,5497.766
257,ae03524f-e493-4077-99b1-588244de9a98,6370.303,7096.411,1181.718,4466.201,7096.411,7881.254
258,3eb6e6e0-8a57-49d6-b7c9-f39d5834e682,8081.437,7366.052,987.367,7088.844,7366.052,4972.221
259,7d999a68-0215-4e45-8e6c-879c6ca2b771,3368.202,7344.714,649.514,4537.509,7344.714,5343.804
260,5a34d971-1cb3-4f0e-8dfe-e51e2313a668,4898.664,2975.170,1537.650,5537.623,2975.170,5435.708
261,8f2e16c4-893b-4f8f-bfb2-94fa452710ec,3382.908,6855.868,1313.921,2566.758,6855.868,4590.429
262,071f02e7-752a-4094-af79-8dd764e9d85d,3880.807,6922.793,751.209,4969.097,6922.793,5120.250
263,ca073754-be17-43b7-a38a-0c1e5563ff32,4897.613,6613.385,684.542,3698.675,6613.385,7998.826
264,1bf5c05b-3654-4d5c-bac9-2b96edd12adf,4826.185,3487.294,1379.458,5913.116,3487.294,5743.041
265,38124fca-a0ac-4b58-8e8b-84a2357850e6,4375.555,6370.902,1030.305,5463.301,6370.902,5397.163
266,7beb9419-113d-4e47-938c-68ab2657031e,4890.261,6864.597,1031.435,5977.735,6864.597,5397.201
267,dc7e9403-19f7-409f-9240-05ee57cb7aea,3837.739,5672.551,1052.904,2776.516,5672.551,7527.041
268,ebd18510-c263-4d5b-a736-a588862a6972,4575.134,3452.376,1132.000,5662.609,3452.376,5497.766
269,5a2f99aa-d3f5-469d-882e-0a16ee869746,4821.983,3712.318,1135.390,3865.824,3712.318,6968.568
270,a6f9e4d5-5f20-4a98-9118-22187f4d230b,3867.151,5892.726,929.740,4955.714,5892.726,5299.872
271,f4f45cff-c45c-413a-92ea-b6533e3e0019,3829.336,5157.517,988.497,2789.636,5157.517,7331.327
272,f03b61b4-6b13-479d-940f-d1608eb275cc,3380.807,7341.804,834.825,4468.282,7341.804,5200.591
273,8ab470cc-de5a-4d65-92bd-9a25fbe6d07d,3385.008,7826.770,756.859,1508.854,7826.770,7358.063
274,55001cb4-e10f-4657-9760-1228b590a69c,4888.160,7585.257,408.836,4007.515,7585.257,5781.324
275,8f4fd564-7e34-4113-a6e4-ae40faa64f7a,4334.588,4324.345,1041.605,5422.063,4324.345,5407.371
276,749cb2b7-e57e-4453-a794-f6230e4d0226,4401.815,2975.170,332.000,5448.510,2975.170,4534.050
277,2b3c3126-11f3-4a8e-aa44-2f965bf8ab9c,3908.118,3460.136,332.000,5022.780,3460.136,4806.911
278,76de0e1a-30aa-4713-9fe5-25ad2dff653f,4376.605,7582.347,332.000,3190.982,7582.347,7565.051
279,2201eb05-aebe-4bda-905e-b5cc1baf3840,6684.378,11165.276,1223.525,7771.853,11165.276,5589.292
280,39180bcb-13e5-46f9-89e1-8ea2cba22105,2870.303,6663.822,900.362,1885.141,6663.822,6910.471
281,578ca001-8cf5-4d30-b58f-1d574eaf808a,3383.958,9260.330,1507.141,4471.705,9260.330,5873.999
282,10f59add-706e-41d0-87ed-9a55eb138a66,8997.403,10960.621,788.497,8217.628,10960.621,5545.619
283,caf2170c-5463-46ce-8cd0-66f2e1e3376d,2904.966,9278.758,2542.169,4019.628,9278.758,7017.080
284,68f06c5f-8566-4a4f-a4b1-ab8398724913,6575.134,11715.228,343.299,7703.390,11715.228,4872.782
285,ee320f72-b613-4acd-b10d-3ceef332a949,3851.395,8533.851,1665.333,2884.656,8533.851,7563.052
286,f3988aec-b8c7-47d9-b1a0-5334eed7f92c,8281.017,11193.404,1599.797,8960.689,11193.404,4328.401
287,4b93a168-0f3b-4124-88fa-a57046ca70e1,3286.269,7266.149,1258.554,4392.775,7266.149,5700.721
288,642a3373-6fee-4f2a-b8d6-38dd42ada763,8085.639,7339.864,1389.627,6979.133,7339.864,5831.794
289,5d9a5895-0f28-416c-a6d6-3e781658ea57,8342.992,11589.137,3013.356,9022.663,11589.137,5741.960
290,0685d767-80a2-49b6-a51a-0e9b1dd7a14d,3074.084,9805.432,954.599,4161.559,9805.432,5320.365
291,291fcd13-b629-49c0-baf8-57ed1351050e,6575.134,10906.305,2841.605,5763.256,10906.305,7794.575
292,6a098711-5423-4072-8909-7cff0e2d4531,6789.420,10615.325,1301.492,5392.055,10615.325,6218.087
293,88fe9ed9-9e3e-431a-8ecc-4cb2fe5bf448,2062.529,9744.326,2460.814,2986.883,9744.326,6171.715
294,d403c464-9d91-4338-b64b-81c299356972,3820.933,8553.249,362.508,2826.833,8553.249,6427.144
295,ce24bbe9-ae70-4659-9e9c-564d1a865de8,6215.891,9935.403,332.000,5239.849,9935.403,6286.470
296,ce397420-3cd2-4a55-8fd1-5e28321981f4,3393.412,7339.864,522.960,4463.487,7339.864,4818.875
297,3a37fb5c-3e96-4a0e-ac63-2eeec6744588,6047.824,11558.099,2346.689,7135.299,11558.099,6712.456
298,869bac48-ad1b-46b8-be00-cf6b26aea40e,6042.571,11185.645,2151.209,7184.420,11185.645,6735.264
299,c0c3c95d-43c3-4e30-9ce7-0519d0473911,2163.370,7626.964,1493.582,1267.586,7626.964,6958.430
300,099c0519-640b-4eb7-867c-998dc337579d,1999.504,6855.868,1598.667,3086.979,6855.868,5964.433
301,3e7618b8-34ca-4e48-ba3a-0e0f88a43131,2047.824,6466.925,1161.379,3136.114,6466.925,5530.419
302,7909c0aa-c074-4e19-aabf-b8167c682a5b,3835.639,7939.282,362.508,2722.977,7939.282,7150.449
303,143dd7cf-6a47-47a1-906d-927ad7fe9117,3414.420,7322.405,522.960,4474.708,7322.405,4779.583
304,de5d704c-4a5b-4fb0-b4af-71614c510a8b,6600.345,12189.525,2928.610,7687.820,12189.525,7294.377
305,0228bcfd-632e-49bd-acd4-c334cf9213e9,6036.269,12175.946,2304.881,7123.744,12175.946,6670.648
306,58b271d5-f728-4de8-b2ae-51908931247c,7115.050,12137.148,1385.107,8202.525,12137.148,5750.874
307,577e4741-4b15-4e91-b81b-61304a09bfb5,5633.958,11244.811,1625.785,6694.518,11244.811,5883.499
308,92564b0d-7b57-45e1-8ec5-41f95340995e,4906.752,6964.403,332.000,5994.227,6964.403,4697.766
309,134e8241-f5d7-4ad7-a8c0-11b34f2eedc3,3230.597,6166.246,703.751,4318.072,6166.246,5069.518
310,d3b3c9a7-cf6a-4d25-b8da-e0f599a26191,6365.050,7704.559,26.915,4568.961,7704.559,6346.415
311,8aba5f8c-4438-4588-9bb0-b20d2fd3eca5,4720.303,3297.769,1182.960,5807.778,3297.769,5548.727
312,84fd7fa3-6c2d-4233-b265-46a427d3d68d,3556.227,7382.347,393.808,4643.702,7382.347,4759.574
313,86553ccc-2e51-4cfb-a8e6-80da6860c8d9,8543.727,12438.506,2602.847,7722.674,12438.506,7611.791
314,76c5c1a1-3617-4727-9f75-d975c9a08203,6392.046,11219.593,1717.876,7479.521,11219.593,6083.642
315,c0e59477-43f0-4441-9f81-3a55ddad9dad,6882.803,11413.579,1701.040,5879.510,11413.579,7821.759
316,30dfb8c6-9202-43fd-a92d-19fe68602b6f,7474.609,11510.766,2062.508,8562.275,11510.766,6429.039
317,727ff7c4-d63f-4bd8-9888-f134a25b874f,5968.832,2141.998,316.633,4202.993,2141.998,6529.696
318,0851db85-2889-4070-ac18-a40e8ebd96ba,3787.319,7522.793,591.887,4874.794,7522.793,4957.653
319,b25799a5-09e8-4656-9c1b-44bc9cbb5279,3445.933,7380.601,1025.785,4533.408,7380.601,5391.552
320,88e1154c-bd92-446d-bd6d-550062666223,1581.647,6600.000,1760.249,888.514,6600.000,5988.802
321,5a5a2320-3b0d-485d-aba2-dc96357e00d8,3747.403,6373.812,606.576,4834.878,6373.812,4972.343
322,366dabe3-2790-4511-a7dc-023a1ad9df75,8561.479,11462.076,1707.141,7591.639,11462.076,7623.777
323,fcc167d6-cb53-4dc7-a58f-06a53cfabc84,4373.454,9764.694,605.446,5460.929,9764.694,4971.213
324,6d3b68e0-3efd-4b03-b747-16e44118a0a9,6740.786,6887.294,570.531,4688.226,6887.294,7792.415
325,68c98fb2-402b-4670-9b3b-0c77619998ea,3345.933,8037.342,1518.102,2400.809,8037.342,7283.956
326,d6c810b2-5922-4127-af2b-4b104bc55c2b,2661.164,8125.315,1561.153,3748.884,8125.315,5927.901
327,a3d13b05-bf4d-427a-a2d5-2fe050d603ec,3384.063,7339.573,1048.723,4471.484,7339.573,5414.271
328,b45c8f3f-6361-41df-9bc1-9df98b3d30e6,3957.487,7558.099,1034.147,2993.029,7558.099,6917.956
329,eda7a3ac-f038-4603-9c68-816234e9c4eb,3419.672,8286.712,983.186,4507.229,8286.712,5349.280
330,4c04120d-523a-4795-ba8f-49dbb8d9f63a,8091.416,7689.234,871.096,7051.273,7689.234,5046.843
331,9657af01-50bd-4120-8303-416ad9e24a51,3368.202,7348.982,1065.672,4399.753,7348.982,5206.929
332,96fe2729-b5a2-4e77-92bb-9df410144768,4848.349,5629.098,364.090,3799.601,5629.098,6762.114
333,b4131145-9675-4433-88e1-9ae016c701dd,4373.349,5886.518,757.424,5441.684,5886.518,5046.353
334,0fa33419-e7b9-4d00-8cab-3b51f93ecf0c,4869.987,6884.869,829.627,5957.381,6884.869,5195.066
335,257d0357-76ed-4220-8d50-68da6efda72d,4819.672,7366.052,1050.644,5907.365,7366.052,5417.284
336,e6508b9a-9dec-47d7-88c7-b0a72c7d1134,2620.933,8548.885,1745.107,1871.236,8548.885,6318.733
337,b3065f45-7227-4099-9f8c-7e81e677d8cf,3727.445,10493.501,2962.056,2919.106,10493.501,7893.440
338,2781c08e-a356-4a0d-8c28-4f94d1c87f69,3756.332,10661.688,883.751,4817.001,10661.688,5141.902
339,362823e7-5514-41d3-a31d-4b73f91ad3d0,6790.996,8070.223,1961.605,5112.623,8070.223,7866.921
340,57656bee-e32e-4848-b924-0f6f18cfdfb1,3236.584,7101.164,1184.203,4296.981,7101.164,5441.262
341,4364cabe-a27c-4bd5-b398-1d068aca47cf,3378.916,6856.062,993.130,4387.848,6856.062,5043.579
342,b8df4cc3-e973-4267-8cf8-a55cea77e1ac,3569.042,6611.930,1169.740,2521.973,6611.930,7557.526
343,179ce6d0-e348-4257-b718-e58dd4134589,6839.735,8279.825,1793.469,5198.461,8279.825,7568.253
344,532bb33e-f22f-454a-ba1f-561d1578b250,3883.433,6854.025,1209.966,4933.635,6854.025,5426.096
345,3220377b-f53e-412d-a859-ef8ccb8f0a40,6232.382,6048.885,845.785,4522.254,6048.885,6862.833
346,9ac90b86-fc72-4ca0-9389-c8b3a77da437,6253.811,6614.355,949.740,4623.716,6614.355,6685.191
347,9bd71ac6-c455-41f3-8c56-59987a649ac4,4715.891,3688.943,1556.181,3797.653,3688.943,7158.012
348,99086aba-f671-42b5-bdc0-e665c61f5452,4376.500,7734.433,992.904,5463.540,7734.433,5356.924
349,1bd85dab-7a53-49d1-acd4-e82f9fd07cf6,3826.920,8560.427,1864.994,2980.057,8560.427,7031.396
350,f9b2e36b-eef8-402f-b121-786dfed58bcb,4373.349,8795.635,1564.994,5460.715,8795.635,5930.324
351,fe380793-8035-414e-b000-09bfe5ece92a,2023.559,6666.343,2194.034,1244.951,6666.343,6944.034
352,d8dae4d0-e11d-4b4d-8bd9-103c13491eb7,4578.706,6725.897,1084.542,5666.126,6725.897,5450.091
353,0dfc64c5-80bc-43b6-a7c4-2fb6e638e9f3,3244.357,4674.200,1379.119,2285.006,4674.200,7231.770
354,920865d3-1581-4e81-bd63-ab2186024564,2942.046,4396.411,1233.469,4028.814,4396.411,5596.398
355,5011eba9-8926-4a73-b729-579d02676d25,3443.202,3442.192,1200.475,4499.820,3442.192,5442.362
356,79b2e46e-e2ee-446e-b875-9aff03ef52d2,3956.332,4430.359,1190.531,5022.166,4430.359,5469.419
357,f211d54e-e7eb-4188-bdcd-faa9c4317e9e,3178.706,4944.811,1002.282,2140.520,4944.811,7335.876
358,8d89b7d0-33e7-45c6-9972-d3ad4c1e5f4c,3420.723,4421.823,951.548,4459.370,4421.823,5121.292
359,8ca1a850-26ef-42be-8b28-c2e2d12f06d6,3596.563,7040.155,987.932,4603.538,7040.155,5030.523
360,91fb4ed3-ee27-4d7e-ba5d-f61202ed9884,1663.580,8512.900,1722.508,906.605,8512.900,6340.534
361,180d278e-1a49-42da-a624-24aa14b57a4e,4737.004,7842.580,342.282,5810.641,7842.580,4652.495
362,81b1800e-f138-4337-abc9-bb0449b77852,4887.845,8304.559,787.028,5921.761,8304.559,4937.781
363,5d570bf6-a4c6-4bf1-a14b-2c878c84ef0e,4892.361,10424.539,1261.040,3935.655,10424.539,7097.556
364,f7c93877-ec05-4091-a003-e69fae0f2fa8,2453.286,6461.203,1292.791,3487.665,6461.203,5445.399
365,675952a4-e8b3-4e82-a179-cc970d5a8b01,3812.739,5643.938,793.469,2740.553,5643.938,7334.484
366,79f44ba1-c931-4346-82eb-f628a9374045,3869.777,5885.257,940.136,4939.472,5885.257,5234.522
