,pid,x_micro,y_micro,z_micro,x_ephys,y_ephys,z_ephys
0,47be9ae4-290f-46ab-b047-952bc3a1a509,-1829.000,-1250.000,0.000,-2440.883,-790.500,-393.000
1,6be21156-33b0-4f70-9a0f-65b3e3cd6d4a,-2704.000,-2000.000,0.000,-2663.621,-1594.194,-293.000
2,1e176f17-d00f-49bb-87ff-26d237b525f1,-2243.000,-2000.000,-169.000,-2477.615,-1751.430,-218.000
3,701026df-e170-4ca7-88aa-eb0b95ef6ba1,-2338.000,-3250.000,0.000,-2748.396,-3017.230,-268.000
4,6506252f-1141-4e11-8816-4db01b71dda0,-2345.900,-1750.000,-217.000,-2982.166,-1663.689,-443.000
5,d213e786-4b1c-477d-a710-766d69fa1ac1,-2243.100,-3500.000,-168.900,-2564.000,-3300.000,-243.000
6,73ff4936-8cd3-4a75-a772-f563e67d249d,-1701.300,-450.800,-1294.900,-1789.000,500.000,-643.000
7,664600f8-a8b6-416c-adca-3ad7b423f771,-1845.900,750.000,-788.000,-2289.000,525.000,-818.000
8,7b05cccc-44f6-4491-a0ea-e38d6e95513d,-2091.100,1441.500,-1582.200,-2589.000,1225.000,-1318.000
9,99993a2b-588e-4c0c-bfec-e3dfb4f61534,-1707.500,2113.100,-1394.600,-2189.000,2150.000,-1468.000
10,298e2a70-9801-45f0-b91c-d6bb9718427e,-800.200,1500.300,-765.100,1461.000,-6275.000,-868.000
11,9dff5593-e781-41a3-a6f9-20d06085e4f8,478.100,750.000,-598.000,1461.000,-6275.000,-868.000
12,c4b5a9fa-10cb-4195-9c17-15b6a1f77f9a,-2370.200,1250.200,-930.900,-2739.000,1125.000,-1343.000
13,f93bfce4-e814-4ae3-9cdf-59f4dcdedf51,-2243.000,-1999.900,-743.900,-2639.000,-2150.000,-243.000
14,511afaa5-fdc4-4166-b4c0-4629ec5e652e,2931.100,-6356.300,-2888.100,2361.000,-6775.000,-1468.000
15,decc8d40-cf74-4263-ae9d-a0cc68b47e86,-1005.700,1192.500,-574.000,-1264.000,725.000,-618.000
16,16ad5eef-3fa6-4c75-9296-29bf40c5cfaa,2623.500,-6235.900,-2314.900,2911.000,-6300.000,-1543.000
17,66f810a8-b18d-4b54-9f28-2964dfceccad,799.800,238.300,-313.100,536.000,-25.000,-343.000
18,7332e6cf-9847-4aca-b2e3-d864989dd0fb,463.500,-5170.700,-642.400,261.000,-5800.000,-543.000
19,789fd2ee-c755-46c5-9c6f-260092520216,-2937.200,-5499.800,-1444.400,-3014.000,-6200.000,-1493.000
20,b7c57ce1-a75b-410a-94b6-8abee5a92c4f,-794.100,-4000.200,-187.100,-764.000,-4250.000,-718.000
21,43b9b189-5221-46a0-928a-e137bc326534,-1765.000,-4404.400,-987.900,-1871.803,-4992.777,-1343.000
22,c410fda5-a6db-4697-a7e3-6ed65601844d,-1784.500,-4220.400,-931.500,-1889.000,-4625.000,-593.000
23,ce0dc660-f19e-46a3-94f9-646bebae6805,-3929.800,-3749.900,-2178.100,-4114.000,-4000.000,-1543.000
24,ef7e9f3e-a53a-4e00-8f6a-537667af2bea,-4227.000,-4058.700,-2634.700,-4439.000,-4375.000,-2168.000
25,4431f9fd-aaa8-4b10-905c-0c6869ea1088,-3166.200,-4999.800,-2265.600,-3364.000,-5550.000,-1718.000
26,5f7766ce-8e2e-410c-9195-6bf089fea4fd,-2818.600,-4583.800,-1792.300,-2889.000,-5150.000,-1843.000
27,7441d0df-ef9b-419b-ae4d-b9bd7c2f17cb,2939.900,-6593.400,-2851.100,3136.000,-6950.000,-2093.000
28,e9c04e7e-c075-4ee3-9750-dff255ec7e84,2245.800,-6499.900,-2465.800,2461.000,-6925.000,-1593.000
29,18be19f9-6ca5-4fc8-9220-ba43c3e75905,-1321.300,-2750.000,53.000,-1039.000,-3075.000,157.000
30,1a60a6e1-da99-4d4e-a734-39b1d4544fad,-2243.100,-1999.700,-93.400,-2289.000,-2025.000,-143.000
31,76f16631-cbf7-4883-9437-4e8d8c4f34a3,2685.700,-6750.100,-1604.500,3086.000,-6375.000,-1743.000
32,e7080659-8319-48a6-b6fd-2e8ce8eeec49,-800.100,-3000.000,-152.000,-739.000,-2925.000,157.000
33,7c11adc6-adbd-484f-8ae9-13946285e3f8,2948.300,-5604.100,-1651.700,3111.000,-5475.000,-1743.000
34,e4632651-5ba7-48a7-86db-5298b45a5bac,-1794.100,-5000.000,-706.500,-1489.000,-5250.000,-918.000
35,98bde8a6-6b6a-4e53-96b1-9078c3974a97,-3464.100,1500.100,-1855.400,-3814.000,1200.000,-2318.000
36,79fbd14b-bfad-4b28-90a9-3019bf72336f,-3141.000,-0.400,-1236.500,-3589.000,-175.000,-1193.000
37,f8249eab-d4c2-4fb0-a258-7f4b99fa19e4,-3041.500,1500.300,-1471.800,-3414.000,1400.000,-1968.000
38,7587e3bb-dd11-4853-b48b-feab0b56ae05,-804.100,-5250.000,-575.700,-639.000,-5375.000,-793.000
39,450cea3b-9289-4708-9df2-a2518bdc4b59,-1281.100,1500.100,-690.700,-1539.000,1075.000,-793.000
40,afecbc7f-10e3-40af-b091-cca9e8df6108,-3996.800,-4250.000,-2086.000,-3614.000,-4300.000,-1193.000
41,9991277b-9e8e-4db8-b8a6-e2c0176ef9ad,-800.000,-5442.200,-917.300,-1014.000,-5775.000,-693.000
42,aeb06797-fddf-4ad2-b0ef-dd1b0f54d034,493.000,-3750.000,-508.700,461.000,-3575.000,-93.000
43,5e84c8e7-236f-4a64-a944-dc4a17c64f1d,-713.000,-263.200,-345.200,-839.000,-250.000,-243.000
44,8fbfa285-d721-4a1a-8c18-f36652c17909,-2739.500,-2028.900,-655.100,-2854.288,-2300.000,-293.000
45,00a824c0-e060-495f-9ebc-79c82fef4c67,-1234.000,-3091.200,-628.000,-1348.533,-2995.910,107.000
46,e070023a-2a5d-4398-ad66-f9ed5d517ad1,1720.000,-5621.000,-1104.800,1786.000,-5975.000,-843.000
47,0393f34c-a2bd-4c01-99c9-f6b4ec6e786d,-1920.700,-1975.500,-86.800,-2153.751,-2396.995,-68.000
48,f86e9571-63ff-4116-9c40-aa44d57d2da9,-2246.000,-2000.400,-155.100,-2264.000,-2200.000,-93.000
49,fd555d39-b728-44aa-90d2-796b8bb58300,-993.700,877.700,-813.300,-1064.000,550.000,-543.000
50,531423f6-d36d-472b-8234-c8f7b8293f79,-2209.400,-1757.500,-607.500,-2239.000,-1975.000,-118.000
51,ae2b9f1b-ebe3-4b56-8957-31982186e6ec,-1326.000,1170.900,-149.100,-1414.000,1075.000,-743.000
52,e55266c7-eb05-47bb-b263-1cc08dc3c00c,2236.500,-1969.800,-181.200,1811.000,-1825.000,-43.000
53,f2ee886d-5b9c-4d06-a9be-ee7ae8381114,-2300.800,-2001.900,-224.500,-2470.574,-1968.122,-193.000
54,b46e219c-6a87-4a93-9924-1070841381e9,-2667.300,-1009.000,-161.500,-2736.631,-1070.038,-443.000
55,5810514e-2a86-4a34-b7bd-1e4b0b601295,-2163.100,-1121.900,-15.500,-2114.000,-1175.000,-193.000
56,1841cf1f-725d-499e-ab8e-7f6fc8c308b6,-2358.200,-3250.100,-335.200,-2789.000,-3000.000,-293.000
57,220bca21-4cf8-43f1-a213-71645899c571,-2733.000,-2461.900,-338.200,-2714.000,-2325.000,-243.000
58,461ecb39-ab58-4a6c-acd7-22da5b4b4b22,-1349.900,-3227.600,-198.300,-1764.000,-2900.000,32.000
59,8d59da25-3a9c-44be-8b1a-e27cdd39ca34,-2347.300,-1939.900,-75.800,-2327.847,-1924.000,-143.000
60,188fe7d5-fd1c-494f-88bc-672d77b9779e,-1307.600,-915.300,-76.900,-1664.000,-1050.000,-93.000
61,0ce74616-abf8-47c2-86d9-f821cd25efd3,-900.000,-4900.000,-1000.000,-889.000,-5625.000,-768.000
62,e10a7a75-4740-41d1-82bb-7696ed14c442,1795.900,-3655.000,-181.400,2067.800,-4122.281,-293.000
63,0eb65305-bb95-4bf1-a154-1b810c0cff25,-3140.400,-1556.300,-534.600,-3354.405,-2266.292,-543.000
64,f9656eee-141c-453d-a016-4aba68f674dc,-2807.300,-1232.600,-427.000,-3300.439,-1978.955,-543.000
65,d585f4b5-d154-4666-92c4-eb219f1e0f02,2240.300,-2005.900,-535.800,1936.000,-2025.000,-43.000
66,eeb27b45-5b85-4e5c-b6ff-f639ca5687de,-2244.600,-2003.800,-384.000,-2514.000,-1800.000,-218.000
67,acf04c3f-650a-4de0-b0d0-edf695dd2025,-1281.100,2456.800,-587.600,-1464.000,2300.000,-1218.000
68,5458cb27-d065-4626-bcd8-1aa775e1115e,468.100,2224.800,-382.300,436.000,2075.000,-1093.000
69,2d2cdf86-4a0c-42d8-aed3-5b187f160013,-1810.200,1241.600,-491.600,-1914.000,725.000,-793.000
70,79628a45-c2e3-4206-97df-4c91edaff90f,-2208.600,1012.000,-676.900,-2264.000,550.000,-818.000
71,c42574be-0456-437f-8329-afc5a63b7e78,-810.000,252.400,-358.500,-1039.000,-175.000,-293.000
72,e88eb9f8-fff3-469a-854d-d16adef19df0,-1254.500,0.000,-284.900,-1339.000,-400.000,-218.000
73,69f42a9c-095d-4a25-bca8-61a9869871d3,-2265.600,-2006.000,-146.400,-2417.083,-2343.975,-143.000
74,8169d556-f994-4735-b4c8-f7c85ddc39b0,2235.000,-2000.000,-248.400,2036.000,-2500.000,-43.000
75,f4ff3ff8-19b7-40c7-bf6f-8b577b811ed1,-1312.800,231.200,-331.700,-1564.000,-200.000,-318.000
76,9f99bd34-40d4-4aac-ae2b-7bc7f7086ccb,-1664.000,3109.500,-82.100,-1739.000,3025.000,-1693.000
77,62a97aee-9f8b-40be-9ea7-f785ede30df8,-1063.700,3090.400,-156.800,-1364.000,3025.000,-1568.000
78,e52942b9-62b8-4cbf-9597-d73aea5cdb3e,818.200,-6424.700,-945.700,1111.000,-6400.000,-843.000
79,7bc16ab1-1b0d-4f52-9e4b-210106ea344c,1232.500,-6242.500,-1178.200,1436.000,-6200.000,-868.000
80,8d0a5caf-2be2-48c1-bf1a-f538bacd46b4,303.700,-6005.900,-458.300,686.000,-6150.000,-593.000
81,516b2043-0176-49a3-a986-132b3d02f28a,979.600,1293.200,-295.200,961.000,1200.000,-718.000
82,44f5caad-c703-4279-866b-0303e57d2a7f,-2959.200,-3930.000,-616.500,-2939.000,-3900.000,-543.000
83,f74a6b9a-b8a5-4c80-9c30-7dd4cdbb48c0,982.600,1775.100,-64.800,1136.000,1525.000,-843.000
84,e42e948c-3154-45cb-bf52-408b7cda0f2f,-2273.000,-2027.400,-143.000,-2214.000,-2650.000,-93.000
85,c07d13ed-e387-4457-8e33-1d16aed3fd92,-2248.100,-2006.200,0.000,-2239.000,-2250.000,-93.000
86,53ecbf4f-e0d8-4fe6-a852-8b934a37a1c2,1255.000,-3503.000,0.000,1361.000,-3400.000,57.000
87,b543e81e-4c8f-415e-82ec-631b177d19d2,-1065.000,-3501.000,0.000,-1367.569,-3478.475,57.000
88,9150758e-1390-41d1-b426-96675e60dbea,1543.000,-3590.600,0.000,1886.000,-3400.000,-43.000
89,fe2d6fc9-b0c4-4256-b427-9c06950da925,-1517.000,-3653.000,0.000,-889.000,-3250.000,107.000
90,ea931b15-6214-4b80-8d88-7acbbe071bc0,1149.600,-3849.200,0.000,1911.000,-3650.000,-93.000
91,31811232-52ef-456c-9772-5021c00b2bc9,2764.000,-1996.000,-89.000,2816.170,-2289.419,-343.000
92,fa539f97-a078-4fc6-9a12-237799466d9c,-2586.000,-2208.000,0.000,-2826.320,-3106.436,-318.000
93,c0c3bcca-6a79-47ef-becb-b1a157a3f2cb,890.000,-3533.000,0.000,864.016,-3885.504,-93.000
94,d595ee58-75bb-4df3-96de-d9b4f4d1f6ab,-387.000,-3244.000,0.000,-755.685,-3838.188,-143.000
95,15a2a63f-739d-4eb0-ab8f-fc95b6299b68,-779.000,-3355.000,0.000,-1289.000,-3900.000,-93.000
96,46448da7-ad7b-4ca8-b3ab-2d1d47439cbf,1419.000,-3102.000,0.000,1311.000,-3800.000,-43.000
97,3675290c-8134-4598-b924-83edb7940269,-1041.000,-3888.000,0.000,-789.000,-3925.000,-193.000
98,82765a73-2a03-42ca-ba98-194247caa62e,-2255.000,-2230.000,0.000,-2446.178,-2339.833,-143.000
99,adca9242-0725-41d4-8eb1-5655a464431d,-789.000,1072.000,0.000,-839.000,1250.000,-743.000
100,e8129a86-b5a9-4d2e-9e9c-09689c9bf0b3,-1283.000,-2222.000,-101.000,-1267.666,-2098.131,107.000
101,6a22a5b4-79ec-4b3c-b023-1ec7b4a2b675,-578.900,1375.000,0.000,-584.490,1563.565,-868.000
102,aab5be05-5c1c-4c08-9739-1274bc3bcf4f,-815.400,-2432.900,0.000,-724.539,-2314.664,157.000
103,26af22bb-b295-4a45-8ed3-1700604c0708,-1016.500,1035.300,0.000,-964.000,1300.000,-743.000
104,f44d2056-644c-4769-a189-7efe67b0269d,-702.200,-2673.700,-313.000,-562.967,-2495.849,157.000
105,45e7731f-4a43-45d5-9029-c080150bc596,731.000,1573.000,0.000,961.000,1850.000,-943.000
106,b749446c-18e3-4987-820a-50649ab0f826,-2252.200,-2023.200,0.000,-2214.000,-1900.000,-118.000
107,530f1670-9412-44ac-afdb-935d46bcaad3,1767.500,-3901.700,55.400,1486.000,-3600.000,7.000
108,97207d87-3fcd-4ebb-b0c7-087bdbf8a95c,-1758.900,-4002.000,29.200,-1864.000,-3825.000,-93.000
109,f0dfd1c1-d315-4cf8-9130-05d3be2ea0cb,-856.200,-4811.900,241.000,-964.000,-5175.000,-768.000
110,70da415f-444d-4148-ade7-a1f58a16fcf8,-2284.600,-2079.200,-451.000,-2664.000,-2000.000,-243.000
111,63435e73-6a72-4007-b0da-03e6473e6870,-4101.300,-3904.100,-1787.900,-4239.000,-3500.000,-1443.000
112,8d661567-49f3-4547-997d-a345c0ffe2dd,-3959.800,-1076.600,-2025.500,-4164.000,-875.000,-1468.000
113,1a276285-8b0e-4cc9-9f0a-a3a002978724,-2827.700,748.800,-1244.100,-2914.000,550.000,-1093.000
114,72274871-80e5-4fb9-be1a-bb04acebb1de,-3973.800,-3835.200,-1445.600,-3989.000,-3625.000,-1218.000
115,ad315779-2b39-46c4-8348-b166e796fa7c,1244.000,2459.400,-1046.000,936.000,2275.000,-1093.000
116,df350b09-a420-42bb-9952-17862cbb9f1c,-1207.300,2491.600,-2442.000,-1264.000,2475.000,-1243.000
117,cc9d666c-6fe5-418d-9b37-114428d25454,-1639.800,-2967.200,241.000,-1989.000,-2725.000,-18.000
118,1df6ebb3-9d16-4c0f-96cc-e1b1596d2006,-3837.400,-2124.100,-1306.700,-4214.000,-2075.000,-1243.000
119,2c401cbd-b95c-4ebe-8a83-92b55ab49542,-2395.700,2984.200,-1257.900,-2314.000,3025.000,-2068.000
120,0a0184b3-9e1a-4c36-98f4-00ae3beb8f01,-3345.100,-4256.600,-1809.900,-3514.000,-3850.000,-868.000
121,625a7bc9-00cf-44f6-a508-3ed89d23ba3a,-4123.600,-4029.800,-1778.400,-4114.000,-3750.000,-1418.000
122,bbe6ebc1-d32f-42dd-a89c-211226737deb,-2200.000,-2140.000,0.000,-2314.000,-2200.000,-118.000
123,f639f4f3-ac14-4114-b712-f445463597e4,600.000,-1400.000,0.000,311.000,-1600.000,7.000
124,f2a098e7-a67e-4125-92d8-36fc6b606c45,-2354.000,-2338.000,220.000,-2264.000,-2175.000,-93.000
125,3282a590-8688-44fc-9811-cdf8b80d9a80,-3800.000,-2660.000,0.000,-3964.000,-2075.000,-1018.000
126,ff5fceaf-8247-42ab-a187-f7876441899d,-1650.000,3450.000,0.000,-1489.000,3250.000,-1793.000
127,100433fa-2c59-4432-8295-aa27657fe3fb,-4000.000,-3300.000,0.000,-4214.000,-2700.000,-1218.000
128,d591a59c-b49b-46ba-a914-df379ada9813,-1540.000,3100.000,0.000,-1464.000,3325.000,-1843.000
129,6b6af675-e1ef-43a6-b408-95cfc71fe2cc,-2200.000,-2023.000,0.000,-2464.000,-1575.000,-243.000
130,b2ea68e2-c732-4d17-8166-1a8595fff225,-3117.000,-2780.000,0.000,-3739.000,-2050.000,-843.000
131,49a86b2e-3db4-42f2-8da8-7ebb7e482c70,-3489.000,628.000,0.000,-3314.000,1375.000,-1868.000
132,3c283107-7012-48fc-a6c2-ed096b23974f,-980.000,-3200.000,0.000,-1139.000,-3350.000,107.000
133,4ea45238-55b1-4d54-ba92-efa47feb9f57,-2720.000,-4600.000,0.000,-2564.000,-5800.000,-1143.000
134,d4291925-ad00-47fe-baaf-3fdff0991e86,-700.000,-3540.000,0.000,-664.000,-3375.000,57.000
135,ad714133-1e03-4d3a-8427-33fc483daf1a,-2200.000,-2000.000,0.000,-2089.000,-2125.000,-68.000
136,d7ec0892-0a6c-4f4f-9d8f-72083692af5c,1500.000,-5190.000,0.000,1911.000,-5775.000,-893.000
137,be9a2119-a4d7-4e62-82a1-b1a6623ecc99,-2900.000,-3180.000,0.000,-2414.000,-3250.000,-193.000
138,f336f6a4-f693-4b88-b12c-c5cf0785b061,-2200.000,-3300.000,0.000,-2439.000,-3250.000,-193.000
139,44fc463b-405f-4048-9242-ac018b9f50f7,-2243.000,-1500.000,-217.000,-2514.000,-1450.000,-268.000
140,818d2996-766a-4fd9-82b8-7e4cb080af0e,-3141.000,-1000.000,-693.000,-3264.000,-1125.000,-668.000
141,febb430e-2d50-4f83-87a0-b5ffbb9a4943,-2243.000,-2000.000,-169.000,-2471.355,-2480.337,-143.000
142,1a166c4f-4c53-422e-8473-b3cff85e6750,-1294.000,-2000.000,21.000,-1264.000,-2550.000,157.000
143,c16b8e98-100f-40ce-b417-b1524c7e1270,-3577.000,-3500.000,-789.000,-3689.000,-3550.000,-918.000
144,b76f24ea-95b1-4a0e-95eb-9c39b1283c40,-2704.000,-3500.000,-312.000,-2839.000,-3450.000,-368.000
145,07abb39b-063b-4ef8-b3ab-963c6a1b5cc5,-1781.000,-3500.000,-27.000,-1761.706,-3462.513,-18.000
146,b9b101cf-24d3-4c2a-8464-bc91b9f0c767,-3154.000,-4000.000,-598.000,-3414.000,-4250.000,-993.000
147,c6ba6f8e-c13e-410f-b7df-e193ba0d239d,-2268.000,-4500.000,-360.000,-2439.000,-4350.000,-493.000
148,9373cd09-a591-42be-9343-ed6f06b7056d,-3166.000,-5000.000,-1027.000,-3289.000,-5325.000,-1968.000
149,63679ae2-6c87-495b-b888-a7273e545636,-2514.000,-5500.000,-1880.000,-2364.000,-5700.000,-1043.000
150,c2363000-27a6-461e-940b-15f681496ed8,-2704.000,-1500.000,-360.000,-2539.000,-1375.000,-293.000
151,b40d8c65-7ee8-4069-8b64-1a3f7907742f,-2243.000,-3000.000,-122.000,-2239.000,-3200.000,-118.000
152,ccb501d1-a4fa-41c6-819e-54aaf74d439d,-1294.000,-1500.000,-27.000,-1380.731,-1408.558,7.000
153,eb99c2c8-e614-4240-931b-169bed23e9f5,-2243.000,-1500.000,-217.000,-2789.000,-2125.000,-293.000
154,2aea57ac-d3d0-4a09-b6fa-0aa9d58d1e11,-1768.000,-1500.000,-122.000,-1789.000,-1675.000,-43.000
155,26118c10-35dd-4ab1-9f0f-b9a89a1da070,-2230.000,500.000,-789.000,-2214.000,525.000,-793.000
156,898f8971-31e9-4fdb-b66e-2ae6d3a33a5b,-1294.000,500.000,-550.000,-1392.292,587.069,-593.000
157,b7612153-372f-415a-9770-7101fbbbdc59,-2255.000,-500.000,-408.000,-2189.000,-475.000,-368.000
158,0e8d3cb3-2e4c-47a0-8bb4-65d2cc3161c6,-1300.000,-500.000,-242.000,-1464.000,-400.000,-243.000
159,0925fb1b-cf83-4f55-bfb7-aa52f993a404,-2730.000,-5000.000,-789.000,-2989.000,-4900.000,-1268.000
160,9f78a787-c6d5-4e51-b4fb-1552e81eccd5,-2692.000,-1000.000,-503.000,-2539.000,-775.000,-418.000
161,5c278ffe-6452-4c36-b17f-2050c74e13b1,-2355.000,-750.000,-408.000,-2439.000,-675.000,-418.000
162,c4f6665f-8be5-476b-a6e8-d81eeae9279d,-2243.000,-2000.000,-169.000,-2408.548,-2444.126,-143.000
163,57acb640-4f64-4a89-bedf-69351a3aea75,420.000,2750.000,-1359.000,361.000,2700.000,-1468.000
164,bebe7c8f-0f34-4c3a-8fbb-d2a5119d2961,-2243.000,-1000.000,-312.000,-2607.735,-877.738,-443.000
165,4755877d-fd14-42b3-bc15-e1996d153015,978.000,1250.000,-693.000,386.000,1550.000,-893.000
166,695476f6-4c14-4a2f-b658-948514629079,-3141.000,-500.000,-836.000,-3114.000,-500.000,-793.000
167,4f46198d-c54d-4627-9e4e-3c8fd4c3c070,464.000,1250.000,-741.000,-187.135,1418.438,-1143.000
168,af775340-53d0-43cd-9cda-48e32b95adca,-2704.000,0.000,-741.000,-2688.175,-68.210,-718.000
169,b910cbe2-0c68-40b2-b9f1-268e7c28320a,478.000,750.000,-598.000,61.000,825.000,-918.000
170,ecde7e20-f135-47dd-8f96-adac49e4942e,-2692.000,500.000,-931.000,-2664.000,625.000,-1018.000
171,091392a5-73f6-40f3-8552-fa917cf96deb,478.000,-750.000,-170.000,486.000,-475.000,-193.000
172,d258bca2-bf18-4491-8d57-5322f705caec,-2192.000,1500.000,-1169.000,-2249.850,1800.130,-1343.000
173,1ef94d02-d51a-491f-a313-1bb5238d6b8b,-1321.000,1250.000,-741.000,-1164.000,1650.000,-893.000
174,b375a0ee-4c5a-4a53-9cea-d753f206e5c5,-1300.000,0.000,-384.000,-1264.000,25.000,-368.000
175,954b1983-e603-4611-ba15-dc2db6f988ab,-1781.000,-1000.000,-169.000,-1939.000,-950.000,-193.000
176,d1af1003-247b-4f76-988f-d55cbb72aa80,-1321.000,750.000,-645.000,-1010.930,1324.485,-743.000
177,03c42ea1-1e04-4a3e-9b04-46d8568dcd02,2670.000,-5750.000,-1408.000,2611.000,-5350.000,-1393.000
178,95fd67e6-cbff-4356-80c7-5a03b1bf6b8a,-2704.000,-2000.000,-312.000,-2564.000,-2200.000,-193.000
179,ce99545f-c6a5-4d53-8b68-0ceb78bd942e,2195.000,-5750.000,-1265.000,2286.000,-5325.000,-1268.000
180,dab512bd-a02d-4c1f-8dbc-9155a163efc0,-2243.000,-2000.000,-169.000,-2036.083,-2275.000,-43.000
181,cab81176-36cd-4c37-9353-841e85027d36,-2717.000,-4500.000,-551.000,-3139.000,-4550.000,-968.000
182,d06f4b61-42c1-4a8d-a2a5-c1cf8f7d0e47,-1300.000,-4250.000,-242.000,-2039.000,-4450.000,-418.000
183,19c9caea-2df8-4097-92f8-0a2bad055948,-2355.000,-250.000,-551.000,-3164.000,-300.000,-868.000
184,c2184312-2421-492b-bbee-e8c8e982e49e,-679.000,-4500.000,-694.000,-889.000,-4450.000,-818.000
185,11f70c37-a546-439a-9fb7-da6b6ebfb0cb,2686.000,-6750.000,-1316.000,2861.000,-6100.000,-1418.000
186,bdb2ec51-d948-4428-b2cc-2c6cd5bf5fe3,-1294.000,-5500.000,-836.000,-964.000,-5300.000,-768.000
187,f26a6ab1-7e37-4f8d-bb50-295c056e1062,-2243.000,-2000.000,-169.000,-2239.000,-1975.000,-118.000
188,a6fe3779-2b77-4b66-a625-a6078720e412,-2243.000,-2500.000,-122.000,-2339.000,-2450.000,-118.000
189,fb0de39b-c750-4adc-af18-12bf8a22ed41,-2304.000,-4250.000,-265.000,-2339.000,-4050.000,-318.000
190,19e0bf1e-018e-40cb-9acd-af8f0f66bd4a,-3154.000,-2500.000,-455.000,-3464.000,-2025.000,-643.000
191,ecd07b7e-6450-4e31-bef1-f195129eb3d3,-2896.000,250.000,-931.000,1611.000,-3625.000,-43.000
192,63517fd4-ece1-49eb-9259-371dc30b1dd6,-2243.000,-2000.000,-169.000,-2581.468,-1905.748,-243.000
193,1ff5ce1f-5500-444b-ad5f-70f90dd22ac3,-3154.000,-2000.000,-503.000,-3514.000,-1900.000,-693.000
194,6d24683c-da42-4610-baf0-7ceee7014394,2243.000,-2000.000,-169.000,2311.000,-1650.000,-193.000
195,6aa08c75-8ee5-457d-9794-b89ee1c4453f,-1768.000,-3000.000,-27.000,-2039.000,-2800.000,-43.000
196,c250d4f4-7516-4cf1-a8bd-04873ca9e21c,493.000,-3750.000,-74.000,-114.000,-3675.000,-993.000
197,a3ebc7f4-813a-4f06-a33e-9825c878f9c2,1000.000,-3750.000,-51.000,961.000,-3875.000,-93.000
198,a4d9d9d5-6ea3-4234-aa28-e064e83626fa,-2243.000,-3500.000,-169.000,-2264.000,-3175.000,-118.000
199,25a9182c-4795-4768-af47-98975d2d2a8a,449.000,-4750.000,-694.000,311.000,-4725.000,-843.000
200,ba291bec-4492-4d7f-a6aa-483ebb64b3c3,-800.000,-3500.000,44.000,-1114.000,-3100.000,132.000
201,2400a2fa-0335-480b-ac8d-a478171f3a55,-1800.000,-4500.000,242.000,-2364.000,-4025.000,-318.000
202,cde137a5-7a93-4968-ab61-5aedbd9ce3fb,920.000,-4750.000,-788.000,661.000,-4850.000,-868.000
203,41dc1107-fbcb-4174-a262-19928c355018,-813.000,-750.000,-170.000,-1314.000,-600.000,-143.000
204,b939cc85-6028-404a-995d-28c8405a07db,-1300.000,-4500.000,-242.000,-1664.000,-4150.000,-193.000
205,779fbed1-4b0e-4d7d-8882-6650690221a0,-1313.000,-750.000,-170.000,-1714.000,-575.000,-218.000
206,bfda40f8-a7a7-47cd-a439-39fb5cd7873f,-1714.000,-5500.000,-1133.000,-1789.000,-5575.000,-993.000
207,4f10fbb7-57be-427b-bb1d-a19bd31dc27b,-3500.000,-2300.000,0.000,-3514.000,-1850.000,-693.000
208,b73ef9cf-462c-4de3-ae61-5907790ebd0e,-2300.000,-2750.000,0.000,-2264.000,-2900.000,-93.000
209,df7d2ca7-068b-4df2-9782-8f6bb7d67f18,-3450.000,-2000.000,0.000,-3633.542,-2243.018,-743.000
210,2a7caaa4-1710-49a1-ade4-db0a986ae6f5,-1281.000,1500.000,-836.000,-1605.870,1895.315,-1093.000
211,bef552f5-efd8-4e98-8467-d54ac7c4ef41,-1833.000,1250.000,-1747.000,-2089.000,1750.000,-1243.000
212,c17772a9-21b5-49df-ab31-3017addea12e,-2249.000,-2029.000,-294.000,-2264.000,-1975.000,-143.000
213,3530526e-e690-4222-878f-0f9f401fa759,-2864.000,-2233.000,-15.000,-3339.000,-1975.000,-593.000
214,55423355-281c-41f2-8ef7-5aa098ffbbed,-3380.000,-1756.000,-920.000,-3614.000,-1600.000,-793.000
215,316a733a-5358-4d1d-9f7f-179ba3c90adf,-3110.000,-2045.000,-904.000,-3189.000,-1900.000,-493.000
216,3fd2d2b3-9415-4b6e-b392-40427fb1c388,-1372.000,1365.000,-1219.000,-1869.912,1833.418,-1168.000
217,1e104bf4-7a24-4624-a5b2-c2c8289c0de7,-2302.000,-2577.000,-169.000,-3039.000,-2125.000,-393.000
218,6638cfb3-3831-4fc2-9327-194b76cf22e1,-800.000,2983.000,-1336.000,-1014.000,3425.000,-1918.000
219,da8dfec1-d265-44e8-84ce-6ae9c109b8bd,960.000,235.000,-455.000,586.000,575.000,-543.000
220,6fc4d73c-2071-43ec-a756-c6c6d8322c8b,-2217.000,-2054.000,-169.000,-2289.000,-1750.000,-143.000
221,eb04cc7c-7c10-4e7f-8593-9c3b9b6986f5,1070.000,-250.000,-335.000,536.000,-200.000,-293.000
222,b33e4298-a735-4781-8dea-d7203b4137fb,505.000,-248.000,-240.000,986.000,-125.000,-293.000
223,d151b391-e6e4-4daf-bd9c-191f4ad837b4,-1769.000,-2072.000,-249.000,-1889.000,-1775.000,-43.000
224,0f306cdc-878a-4ea0-9e91-b97736731637,-1301.000,-2591.000,-280.000,-1539.000,-2300.000,82.000
225,8386f396-0a69-48b5-98d4-18801066ea76,906.000,410.000,-455.000,386.000,750.000,-618.000
226,31d8dfb1-71fd-4c53-9229-7cd48bee07e4,-2613.000,1507.000,-1220.000,-2464.000,2200.000,-1643.000
227,68f5f1e4-5e88-4aa5-8a1a-94b691adb11e,-1189.000,241.000,-455.000,-1189.000,850.000,-643.000
228,02328ef5-47d4-4690-b020-04b6315aa2d6,-1816.000,300.000,-875.000,-1689.000,950.000,-793.000
229,06c6741e-9f2a-4114-8ca9-0dc5ccc951e6,-1637.000,2003.000,-1121.000,-1614.000,2975.000,-1618.000
230,8ee585ba-d055-4bb5-bc5f-2266a3d62bf4,-862.000,-2692.000,-226.000,-939.000,-1925.000,132.000
231,367ea4c4-d1b7-47a6-9f18-5d0df9a3f4de,2350.000,-5997.000,-1122.000,2261.000,-5725.000,-1043.000
232,9b3ad89a-177f-4242-9a96-2fd98721e47f,-2875.000,-2250.000,-360.000,-3014.000,-2475.000,-368.000
233,63a32e5c-f63a-450d-85cb-140947b67eaf,-2180.000,-2008.000,-602.000,-2089.000,-2725.000,-43.000
234,6eb8be8d-d089-43c6-b2e4-a6558ca16dcf,-775.000,0.000,-466.000,-1089.000,-575.000,-168.000
235,b78b3c42-eee5-47c6-9717-743b78c0b721,-3161.000,-3513.000,-624.000,-3339.000,-3300.000,-593.000
236,61ed1a53-2f33-4a83-82ba-ec7dfa65bf60,-3388.000,-3279.000,-652.000,-3564.000,-3225.000,-743.000
237,bbf6a51e-2999-4982-803f-8769db095dd2,-1245.000,-5140.000,-739.000,-1214.000,-5050.000,-818.000
238,e31b4e39-e350-47a9-aca4-72496d99ff2a,-2200.000,-2209.000,-1513.000,-2589.000,-2050.000,-218.000
239,2d544e7f-c8af-46b5-aaa0-caf0ad4d63a1,1883.000,-6597.000,-1046.000,1461.000,-6275.000,-868.000
240,64f4afa4-ec5f-4ad6-ab28-415a9a8098ed,-2614.000,-2734.000,-1292.000,-2839.000,-2875.000,-293.000
241,64aadf54-d662-4934-8c08-cad14ee5b69f,807.000,-6510.000,-935.000,286.000,-6275.000,-593.000
242,834fca72-0b69-44e4-b77e-95a61290b50d,-597.000,-2253.000,-339.000,-1014.000,-1875.000,107.000
243,8ac7e5d5-57a4-41c8-a35d-8195784bfe95,987.000,-1569.000,-224.000,536.000,-1275.000,7.000
244,36362f75-96d8-4ed4-a728-5e72284d0995,-2297.000,-2007.000,-772.000,-2314.000,-2100.000,-143.000
245,fddceb2e-82ba-493d-baba-c5d8af65981f,-1761.000,1006.000,-836.000,-1989.000,775.000,-843.000
246,c2ebf259-9777-4a8f-b1de-5302776961d2,-1391.000,831.000,-983.000,-1764.000,650.000,-718.000
247,688606f8-9733-46f2-8331-b2dd84c5d385,767.000,2358.000,-714.000,611.000,2375.000,-1168.000
248,eab03c6e-bf98-48d2-8a0c-1887f34dd554,-925.000,-551.000,-387.000,-1089.000,-600.000,-143.000
249,be95fb3b-d607-409a-968e-98a3e9bcb577,472.000,2807.000,-805.000,361.000,2775.000,-1518.000
250,af2a0072-e17e-4368-b80b-1359bf6d4647,-958.000,759.000,-370.000,-1339.000,275.000,-468.000
251,b8dbd3af-a589-41e4-878c-3372eaa1a8f6,-776.000,706.000,-487.000,-1014.000,225.000,-418.000
252,5a4740a3-8e93-495d-b6cf-83dccba01d7a,1428.000,-6125.000,-1015.000,1261.000,-6000.000,-893.000
253,f4bd76a6-66c9-41f3-9311-6962315f8fc8,-2096.000,-2173.000,-586.000,-2264.000,-1700.000,-143.000
254,664de6d9-bba2-424b-b76c-bb61900c015f,-1820.000,-753.000,-583.000,-2164.000,-450.000,-368.000
255,adcd791c-ead3-4572-a9cb-028bbee1d2e4,-1305.000,1665.000,-1009.000,-1439.000,1675.000,-943.000
256,523f8301-4f56-4faf-ab33-a9ff11331118,-2261.000,-1906.000,-708.000,-2664.000,-2075.000,-243.000
257,ae03524f-e493-4077-99b1-588244de9a98,601.000,-1749.000,-752.000,211.000,-2000.000,-43.000
258,3eb6e6e0-8a57-49d6-b7c9-f39d5834e682,2230.000,-2027.000,-580.000,2136.000,-2225.000,-93.000
259,7d999a68-0215-4e45-8e6c-879c6ca2b771,-2257.000,-2005.000,-281.000,-2314.000,-2000.000,-143.000
260,5a34d971-1cb3-4f0e-8dfe-e51e2313a668,-800.000,2500.000,-1067.000,-1016.647,2701.928,-1318.000
261,8f2e16c4-893b-4f8f-bfb2-94fa452710ec,-2243.000,-1501.000,-869.000,-1473.279,-2160.705,82.000
262,071f02e7-752a-4094-af79-8dd764e9d85d,-1769.000,-1570.000,-371.000,-1910.227,-1492.624,-93.000
263,ca073754-be17-43b7-a38a-0c1e5563ff32,-801.000,-1251.000,-312.000,-864.000,-1525.000,82.000
264,1bf5c05b-3654-4d5c-bac9-2b96edd12adf,-869.000,1972.000,-927.000,-1039.000,1775.000,-893.000
265,38124fca-a0ac-4b58-8e8b-84a2357850e6,-1298.000,-1001.000,-618.000,-1464.000,-1050.000,-68.000
266,7beb9419-113d-4e47-938c-68ab2657031e,-808.000,-1510.000,-619.000,-914.000,-1550.000,82.000
267,dc7e9403-19f7-409f-9240-05ee57cb7aea,-1810.000,-281.000,-638.000,-1839.000,-700.000,-218.000
268,ebd18510-c263-4d5b-a736-a588862a6972,-1108.000,2008.000,-708.000,-1389.000,1850.000,-993.000
269,5a2f99aa-d3f5-469d-882e-0a16ee869746,-873.000,1740.000,-711.000,-1022.113,1778.232,-893.000
270,a6f9e4d5-5f20-4a98-9118-22187f4d230b,-1782.000,-508.000,-529.000,-1863.948,-484.774,-268.000
271,f4f45cff-c45c-413a-92ea-b6533e3e0019,-1818.000,250.000,-581.000,-2094.814,-132.119,-468.000
272,f03b61b4-6b13-479d-940f-d1608eb275cc,-2245.000,-2002.000,-445.000,-2300.208,-1988.877,-143.000
273,8ab470cc-de5a-4d65-92bd-9a25fbe6d07d,-2241.000,-2502.000,-376.000,-2389.000,-2475.000,-143.000
274,55001cb4-e10f-4657-9760-1228b590a69c,-810.000,-2253.000,-68.000,-764.000,-2050.000,157.000
275,8f4fd564-7e34-4113-a6e4-ae40faa64f7a,-1337.000,1109.000,-628.000,-1539.000,1375.000,-893.000
276,749cb2b7-e57e-4453-a794-f6230e4d0226,-1273.000,2500.000,0.000,-1558.861,2378.509,-1293.000
277,2b3c3126-11f3-4a8e-aa44-2f965bf8ab9c,-1743.000,2000.000,0.000,-2028.738,1825.727,-1243.000
278,76de0e1a-30aa-4713-9fe5-25ad2dff653f,-1297.000,-2250.000,0.000,-1339.000,-2075.000,107.000
279,2201eb05-aebe-4bda-905e-b5cc1baf3840,900.000,-5944.000,-789.000,1936.000,-6100.000,-918.000
280,39180bcb-13e5-46f9-89e1-8ea2cba22105,-2731.000,-1303.000,-503.000,-2239.000,-1700.000,-143.000
281,578ca001-8cf5-4d30-b58f-1d574eaf808a,-2242.000,-3980.000,-1040.000,-2164.000,-4250.000,-343.000
282,10f59add-706e-41d0-87ed-9a55eb138a66,3102.000,-5733.000,-404.000,3036.000,-6275.000,-1643.000
283,caf2170c-5463-46ce-8cd0-66f2e1e3376d,-2698.000,-3999.000,-1956.000,-2889.000,-4425.000,-743.000
284,68f06c5f-8566-4a4f-a4b1-ab8398724913,796.000,-6511.000,-10.000,808.803,-7048.177,-1143.000
285,ee320f72-b613-4acd-b10d-3ceef332a949,-1797.000,-3231.000,-1180.000,-1963.272,-3895.600,-143.000
286,f3988aec-b8c7-47d9-b1a0-5334eed7f92c,2420.000,-5973.000,-1122.000,2711.000,-6625.000,-1593.000
287,4b93a168-0f3b-4124-88fa-a57046ca70e1,-2335.000,-1924.000,-820.000,-2626.840,-2467.267,-218.000
288,642a3373-6fee-4f2a-b8d6-38dd42ada763,2234.000,-2000.000,-936.000,2211.000,-2425.000,-93.000
289,5d9a5895-0f28-416c-a6d6-3e781658ea57,2479.000,-6381.000,-2373.000,2849.665,-7050.000,-1993.000
290,0685d767-80a2-49b6-a51a-0e9b1dd7a14d,-2537.000,-4542.000,-551.000,-2764.000,-4375.000,-643.000
291,291fcd13-b629-49c0-baf8-57ed1351050e,796.000,-5677.000,-2221.000,1411.000,-5650.000,-1143.000
292,6a098711-5423-4072-8909-7cff0e2d4531,1000.000,-5377.000,-858.000,1486.000,-5350.000,-993.000
293,88fe9ed9-9e3e-431a-8ecc-4cb2fe5bf448,-3500.000,-4479.000,-1884.000,-2939.000,-4650.000,-918.000
294,d403c464-9d91-4338-b64b-81c299356972,-1826.000,-3251.000,-27.000,-1989.000,-3475.000,-68.000
295,ce24bbe9-ae70-4659-9e9c-564d1a865de8,454.000,-4676.000,0.000,611.000,-5250.000,-768.000
296,ce397420-3cd2-4a55-8fd1-5e28321981f4,-2233.000,-2000.000,-169.000,-2196.550,-1822.286,-118.000
297,3a37fb5c-3e96-4a0e-ac63-2eeec6744588,294.000,-6349.000,-1783.000,411.000,-6800.000,-868.000
298,869bac48-ad1b-46b8-be00-cf6b26aea40e,289.000,-5965.000,-1610.000,411.000,-6550.000,-743.000
299,c0c3c95d-43c3-4e30-9ce7-0519d0473911,-3404.000,-2296.000,-1028.000,-3514.000,-2875.000,-668.000
300,099c0519-640b-4eb7-867c-998dc337579d,-3560.000,-1501.000,-1121.000,-3648.181,-2036.342,-768.000
301,3e7618b8-34ca-4e48-ba3a-0e0f88a43131,-3514.000,-1100.000,-734.000,-3694.998,-1498.687,-868.000
302,7909c0aa-c074-4e19-aabf-b8167c682a5b,-1812.000,-2618.000,-27.000,-1914.000,-2925.000,7.000
303,143dd7cf-6a47-47a1-906d-927ad7fe9117,-2213.000,-1982.000,-169.000,-2389.000,-2075.000,-143.000
304,de5d704c-4a5b-4fb0-b4af-71614c510a8b,820.000,-7000.000,-2298.000,861.000,-7125.000,-1268.000
305,0228bcfd-632e-49bd-acd4-c334cf9213e9,283.000,-6986.000,-1746.000,461.000,-6975.000,-1018.000
306,58b271d5-f728-4de8-b2ae-51908931247c,1310.000,-6946.000,-932.000,1361.000,-7050.000,-1418.000
307,577e4741-4b15-4e91-b81b-61304a09bfb5,-100.000,-6026.000,-1145.000,-364.000,-6200.000,-568.000
308,92564b0d-7b57-45e1-8ec5-41f95340995e,-792.300,-1612.900,0.000,-889.000,-1625.000,107.000
309,134e8241-f5d7-4ad7-a8c0-11b34f2eedc3,-2388.000,-790.000,-329.000,-2314.000,-675.000,-368.000
310,d3b3c9a7-cf6a-4d25-b8da-e0f599a26191,596.000,-2376.000,270.000,711.000,-1975.000,157.000
311,8aba5f8c-4438-4588-9bb0-b20d2fd3eca5,-969.800,2167.400,-753.100,-989.000,3000.000,-1493.000
312,84fd7fa3-6c2d-4233-b265-46a427d3d68d,-2078.000,-2043.800,-54.700,-2214.000,-1225.000,-193.000
313,86553ccc-2e51-4cfb-a8e6-80da6860c8d9,2670.100,-7256.700,-2009.700,2461.000,-6775.000,-1518.000
314,76c5c1a1-3617-4727-9f75-d975c9a08203,621.700,-6000.000,-1226.500,886.000,-6275.000,-693.000
315,c0e59477-43f0-4441-9f81-3a55ddad9dad,1088.900,-6200.000,-1211.600,1136.000,-6275.000,-893.000
316,30dfb8c6-9202-43fd-a92d-19fe68602b6f,1652.300,-6300.200,-1531.500,1911.000,-6250.000,-943.000
317,727ff7c4-d63f-4bd8-9888-f134a25b874f,218.800,3359.000,13.600,661.000,-2550.000,157.000
318,0851db85-2889-4070-ac18-a40e8ebd96ba,-1858.000,-2188.600,-230.000,-1939.000,-2175.000,-18.000
319,b25799a5-09e8-4656-9c1b-44bc9cbb5279,-2183.000,-2042.000,-614.000,-1814.000,-1700.000,-43.000
320,88e1154c-bd92-446d-bd6d-550062666223,-3957.800,-1237.200,-1264.000,-3939.000,-875.000,-1243.000
321,5a5a2320-3b0d-485d-aba2-dc96357e00d8,-1896.000,-1004.000,-243.000,-1814.000,-575.000,-243.000
322,366dabe3-2790-4511-a7dc-023a1ad9df75,2687.000,-6250.000,-1217.000,2136.000,-6050.000,-993.000
323,fcc167d6-cb53-4dc7-a58f-06a53cfabc84,-1300.000,-4500.000,-242.000,-1414.000,-4100.000,-168.000
324,6d3b68e0-3efd-4b03-b747-16e44118a0a9,953.700,-1533.400,-211.100,661.000,-1800.000,107.000
325,68c98fb2-402b-4670-9b3b-0c77619998ea,-2278.200,-2719.100,-1049.700,-2024.813,-3360.152,-43.000
326,d6c810b2-5922-4127-af2b-4b104bc55c2b,-2930.100,-2809.800,-1087.800,-2632.291,-3602.671,-318.000
327,a3d13b05-bf4d-427a-a2d5-2fe050d603ec,-2241.900,-1999.700,-634.300,-2270.234,-2841.200,-93.000
328,b45c8f3f-6361-41df-9bc1-9df98b3d30e6,-1696.000,-2225.000,-621.400,-1624.507,-2880.355,57.000
329,eda7a3ac-f038-4603-9c68-816234e9c4eb,-2208.000,-2976.200,-576.300,-1764.000,-3425.000,7.000
330,4c04120d-523a-4795-ba8f-49dbb8d9f63a,2239.500,-2360.200,-477.100,2092.059,-1995.760,-93.000
331,9657af01-50bd-4120-8303-416ad9e24a51,-2257.000,-2009.400,-649.300,-2289.000,-1800.000,-143.000
332,96fe2729-b5a2-4e77-92bb-9df410144768,-847.900,-236.200,-28.400,-1189.000,225.000,-443.000
333,b4131145-9675-4433-88e1-9ae016c701dd,-1300.100,-501.600,-376.500,-1514.000,-150.000,-343.000
334,0fa33419-e7b9-4d00-8cab-3b51f93ecf0c,-827.300,-1530.900,-440.400,-796.326,-1029.304,-43.000
335,257d0357-76ed-4220-8d50-68da6efda72d,-875.200,-2027.000,-636.000,-1064.000,-1400.000,7.000
336,e6508b9a-9dec-47d7-88c7-b0a72c7d1134,-2968.400,-3246.500,-1250.600,-1864.000,-5675.000,-918.000
337,b3065f45-7227-4099-9f8c-7e81e677d8cf,-1915.000,-5251.400,-2327.600,-1914.000,-6075.000,-868.000
338,2781c08e-a356-4a0d-8c28-4f94d1c87f69,-1887.500,-5424.800,-488.300,-1839.000,-5675.000,-918.000
339,362823e7-5514-41d3-a31d-4b73f91ad3d0,1001.500,-2753.000,-1442.200,786.000,-3375.000,82.000
340,57656bee-e32e-4848-b924-0f6f18cfdfb1,-2382.300,-1753.900,-754.200,-2114.000,-2250.000,-43.000
341,4364cabe-a27c-4bd5-b398-1d068aca47cf,-2246.800,-1501.200,-585.100,-2014.000,-2025.000,-43.000
342,b8df4cc3-e973-4267-8cf8-a55cea77e1ac,-2065.800,-1249.500,-741.400,-2189.000,-1725.000,-143.000
343,179ce6d0-e348-4257-b718-e58dd4134589,1047.900,-2969.100,-1293.400,811.000,-3575.000,7.000
344,532bb33e-f22f-454a-ba1f-561d1578b250,-1766.500,-1499.100,-777.000,-1739.000,-2050.000,7.000
345,3220377b-f53e-412d-a859-ef8ccb8f0a40,469.700,-669.000,-454.700,364.843,-1576.519,7.000
346,9ac90b86-fc72-4ca0-9389-c8b3a77da437,490.100,-1252.000,-546.700,513.517,-1795.249,107.000
347,9bd71ac6-c455-41f3-8c56-59987a649ac4,-974.000,1764.100,-1083.400,-1339.000,2750.000,-1393.000
348,99086aba-f671-42b5-bdc0-e665c61f5452,-1297.100,-2406.800,-584.900,-1439.000,-2375.000,107.000
349,1bd85dab-7a53-49d1-acd4-e82f9fd07cf6,-1820.300,-3258.400,-1356.700,-2439.000,-3525.000,-218.000
350,f9b2e36b-eef8-402f-b121-786dfed58bcb,-1300.100,-3500.900,-1091.200,-1514.000,-3650.000,-18.000
351,fe380793-8035-414e-b000-09bfe5ece92a,-3537.100,-1305.600,-1647.900,-3864.000,-1500.000,-1018.000
352,d8dae4d0-e11d-4b4d-8bd9-103c13491eb7,-1104.600,-1367.000,-666.000,-1239.000,-1425.000,7.000
353,0dfc64c5-80bc-43b6-a7c4-2fb6e638e9f3,-2374.900,748.300,-926.700,-2564.000,625.000,-968.000
354,920865d3-1581-4e81-bd63-ab2186024564,-2662.700,1034.700,-797.800,-2864.000,900.000,-1268.000
355,5011eba9-8926-4a73-b729-579d02676d25,-2185.600,2018.500,-768.600,-2364.000,1800.000,-1418.000
356,79b2e46e-e2ee-446e-b875-9aff03ef52d2,-1697.100,999.700,-759.800,-2114.000,950.000,-968.000
357,f211d54e-e7eb-4188-bdcd-faa9c4317e9e,-2437.400,469.300,-593.200,-2719.365,564.912,-1018.000
358,8d89b7d0-33e7-45c6-9972-d3ad4c1e5f4c,-2207.000,1008.500,-548.300,-2464.000,825.000,-1043.000
359,8ca1a850-26ef-42be-8b28-c2e2d12f06d6,-2039.600,-1691.000,-580.500,-2436.444,-1473.393,-243.000
360,91fb4ed3-ee27-4d7e-ba5d-f61202ed9884,-3879.800,-3209.400,-1230.600,-3764.000,-3400.000,-918.000
361,180d278e-1a49-42da-a624-24aa14b57a4e,-953.900,-2518.300,-9.100,-939.000,-2475.000,157.000
362,81b1800e-f138-4337-abc9-bb0449b77852,-810.300,-2994.600,-402.700,-714.000,-2875.000,157.000
363,5d570bf6-a4c6-4bf1-a14b-2c878c84ef0e,-806.000,-5180.300,-822.200,-839.000,-4775.000,-943.000
364,f7c93877-ec05-4091-a003-e69fae0f2fa8,-3128.000,-1094.100,-850.300,-3139.000,-1275.000,-593.000
365,675952a4-e8b3-4e82-a179-cc970d5a8b01,-1833.800,-251.500,-408.400,-2664.000,-650.000,-518.000
366,79f44ba1-c931-4346-82eb-f628a9374045,-1779.500,-500.300,-538.200,-2164.000,-525.000,-343.000
