,pid,lab,ml,ap,dv,phi,theta,depth
0,ef03e569-2b50-4534-89f4-fb1e56e81461,wittenlab,4295.000,7693.000,3582.000,159.323,12.224,3255.933
1,78cb9d69-a49a-480f-b182-7f7985a5b1dd,churchlandlab,6782.000,7761.000,4585.000,-9.038,18.314,4329.250
2,7f3dddf8-637f-47bb-a7b7-e303277b2107,churchlandlab,4334.000,8038.000,4325.000,-155.686,11.085,4024.762
3,26d549fc-fa1c-4bb7-b30c-5f62bce52004,mainenlab,4570.000,5527.000,5088.000,165.723,10.955,4317.071
4,e8f9fba4-d151-4b00-bee7-447f0f3e752c,mainenlab,2986.000,7105.000,7194.000,12.043,11.066,6998.921
5,e17db2b6-b778-4e2a-845c-c4d040b0c875,mainenlab,5718.000,10622.000,5225.000,157.179,14.345,4129.053
6,98bde8a6-6b6a-4e53-96b1-9078c3974a97,angelakilab,2955.000,4699.000,6648.000,154.159,15.981,4158.521
7,b2746c16-7152-45a3-a7f0-477985638638,hoferlab,4090.000,8014.000,4304.000,140.165,13.774,3942.164
8,362823e7-5514-41d3-a31d-4b73f91ad3d0,zadorlab,5029.000,9412.000,6784.000,23.075,13.972,6733.562
9,688606f8-9733-46f2-8331-b2dd84c5d385,mainenlab,4939.000,4265.000,6721.000,41.301,19.791,5548.767
10,c85d4ad5-6df3-461a-8a55-6531afd4c7e8,angelakilab,2077.000,9726.000,5640.000,40.374,2.617,4269.490
11,44f5caad-c703-4279-866b-0303e57d2a7f,churchlandlab,3927.000,10031.000,5250.000,147.044,17.070,4576.599
12,ca073754-be17-43b7-a38a-0c1e5563ff32,mainenlab,4041.000,6841.000,6562.000,-5.767,7.569,6367.244
13,b25799a5-09e8-4656-9c1b-44bc9cbb5279,wittenlab,4214.000,7542.000,4488.000,123.213,7.319,4146.494
14,dec6ad00-01c8-4bfd-bcdc-b37c5e0cdb0e,churchlandlab,4952.000,6937.000,4007.000,152.338,17.341,3700.199
15,1fa9efcf-def3-40b1-86ae-ca411da98ef2,zadorlab,1571.000,8620.000,5623.000,35.908,4.941,4363.797
16,516b2043-0176-49a3-a986-132b3d02f28a,churchlandlab,5145.000,5090.000,6620.000,29.783,17.829,5850.751
17,7332e6cf-9847-4aca-b2e3-d864989dd0fb,angelakilab,5187.000,11616.000,6907.000,30.356,9.186,6085.519
18,71a92c54-69f0-488b-ae2a-cb6c1524233c,churchlandlab,1477.000,9404.000,5163.000,18.227,12.320,4184.363
19,789fd2ee-c755-46c5-9c6f-260092520216,angelakilab,3748.000,11436.000,5748.000,-170.887,14.790,4057.070
20,fe41986d-4966-4a77-af7e-e7f71c25aec5,angelakilab,3771.000,9656.000,6376.000,26.226,11.847,6131.931
21,a9c9df46-85f3-46ad-848d-c6b8da4ae67c,zadorlab,2513.000,9733.000,4820.000,66.460,10.129,4083.702
22,16ad5eef-3fa6-4c75-9296-29bf40c5cfaa,angelakilab,9239.000,11983.000,4672.000,154.351,13.158,2872.399
23,b40d8c65-7ee8-4069-8b64-1a3f7907742f,danlab,4304.000,8709.000,4194.000,172.311,12.231,3830.590
24,55001cb4-e10f-4657-9760-1228b590a69c,mainenlab,4098.000,7746.000,4928.000,16.702,11.208,4845.403
25,4431f9fd-aaa8-4b10-905c-0c6869ea1088,angelakilab,3368.000,11123.000,6479.000,170.149,12.825,4542.357
26,784c5282-2749-48ca-b211-100d0b24e29b,mainenlab,3795.000,10546.000,6433.000,1.647,7.829,5357.702
27,511afaa5-fdc4-4166-b4c0-4629ec5e652e,angelakilab,9211.000,12276.000,3259.000,174.785,37.411,1836.388
28,3d3d5a5e-df26-43ee-80b6-2d72d85668a5,churchlandlab_ucla,4166.000,8595.000,4708.000,146.642,14.991,4356.775
29,a63a7248-9393-478b-9478-64f421ef5eb8,angelakilab,5438.000,6472.000,4285.000,-156.983,10.995,4059.388
30,958b1089-a066-43e2-990d-8aad703429a2,wittenlab,4076.000,5285.000,7555.000,22.157,18.720,6894.815
31,3283d8ec-1436-4529-8a16-941bbf65c91d,wittenlab,4381.000,4887.000,6573.000,21.786,19.860,5845.300
32,675952a4-e8b3-4e82-a179-cc970d5a8b01,zadorlab,2957.000,6039.000,7173.000,-5.110,1.070,6324.072
33,31811232-52ef-456c-9772-5021c00b2bc9,cortexlab,7814.000,7520.000,5342.000,-12.848,9.248,4728.219
34,afecbc7f-10e3-40af-b091-cca9e8df6108,angelakilab,1064.000,10050.000,4305.000,18.246,21.897,2995.896
35,97207d87-3fcd-4ebb-b0c7-087bdbf8a95c,cortexlab,4979.000,9455.000,4153.000,168.222,16.831,3895.242
36,05ec6af9-6c83-422d-91a3-ba815fa65e92,angelakilab,7758.000,12656.000,6842.000,35.676,17.457,4892.729
37,ae252f7b-0224-4925-8174-7b25c2385bb7,cortexlab,4043.000,7792.000,4376.000,137.077,14.958,3959.832
38,257d0357-76ed-4220-8d50-68da6efda72d,zadorlab,5920.000,8083.000,3318.000,134.139,30.848,3485.873
39,642a3373-6fee-4f2a-b8d6-38dd42ada763,mrsicflogellab,6845.000,8303.000,4603.000,23.374,16.076,4347.990
40,a85b9795-f99c-4c1d-a376-8b5ef095ffd7,angelakilab,3688.000,5428.000,5727.000,156.754,16.079,4373.240
41,450cea3b-9289-4708-9df2-a2518bdc4b59,angelakilab,4941.000,4442.000,5546.000,171.015,9.627,4484.236
42,d8c7d3f2-f8e7-451d-bca1-7800f4ef52ed,wittenlab,8825.000,12463.000,4175.000,165.920,16.406,2371.118
43,5246af08-0730-40f7-83de-29b5d62b9b6d,angelakilab,3881.000,7584.000,4584.000,-157.587,7.406,4143.624
44,18be19f9-6ca5-4fc8-9220-ba43c3e75905,angelakilab,3440.000,8203.000,6491.000,-13.242,11.628,6422.876
45,d14f70e6-bf7b-4d6d-a380-bfd0a46ed7a1,zadorlab,4388.000,8582.000,5316.000,35.073,5.932,5168.923
46,ce9717aa-04eb-40b8-b695-58644d25ddbb,mainenlab,5143.000,9890.000,5675.000,163.021,10.090,5180.261
47,664600f8-a8b6-416c-adca-3ad7b423f771,angelakilab,3482.000,5525.000,7086.000,92.788,6.261,5971.445
48,03c42ea1-1e04-4a3e-9b04-46d8568dcd02,danlab,7923.000,11810.000,6349.000,68.047,13.879,4762.652
49,bf57f9ed-8c55-4cbe-ac75-c1200b74ddf0,mainenlab,8885.000,11430.000,4934.000,178.557,18.069,3901.149
50,d75517b1-7a10-454d-b395-ba93850799bd,mrsicflogellab,1086.000,8868.000,5676.000,57.619,15.006,4427.408
51,814de925-fd6a-4f63-9070-3da78243e246,hoferlab,3344.000,7043.000,4985.000,36.610,11.297,4649.776
52,be76cfe3-b2bb-4358-956b-0fad07215972,mainenlab,4801.000,6377.000,6260.000,9.010,12.574,5927.407
53,3eda39fe-1d27-49bb-b4a9-5acfad596f6c,hoferlab,3210.000,8580.000,5724.000,47.569,11.845,5541.548
54,f05b5941-68bd-4bf5-980d-721959bd4443,angelakilab,5512.000,6508.000,4537.000,132.542,16.476,4105.536
55,ad256265-03f2-4b4e-954b-0ba0c5cf6707,churchlandlab_ucla,6221.000,7299.000,5271.000,-3.890,21.281,5120.250
56,39b433d0-ec60-460f-8002-a393d81620a4,mainenlab,3487.000,10562.000,5053.000,-15.521,9.478,3703.929
57,35897454-8702-4dc4-9865-7f01fa65f355,churchlandlab,5960.000,12083.000,7350.000,33.380,14.676,6331.683
58,c1d71e2e-1b1b-4c74-a38b-2a0e8152400a,zadorlab,5386.000,7636.000,5702.000,37.274,15.146,5596.258
59,834fca72-0b69-44e4-b77e-95a61290b50d,mainenlab,3833.000,7868.000,5254.000,33.612,12.028,5141.757
60,1f555fc6-5067-428b-a284-da6fb0b6b3a0,wittenlab,3646.000,9379.000,4140.000,-175.396,9.669,3413.358
61,ecd07b7e-6450-4e31-bef1-f195129eb3d3,danlab,6545.000,9025.000,4707.000,-0.000,10.529,4406.442
62,71ea989a-2e1a-4022-aff5-fcfe9a2c9452,danlab,3443.000,8953.000,4935.000,172.829,11.339,4191.493
63,7bd5627e-b02e-47f1-b476-4bf8eaa726b3,mrsicflogellab,4221.000,4344.000,5781.000,139.244,17.088,4138.701
64,0fcb5f66-4d56-4247-8413-aef51e484e67,wittenlab,6853.000,11399.000,6563.000,3.336,9.035,5404.922
65,8413c5c6-b42b-4ec6-b751-881a54413628,zadorlab,4266.000,7809.000,4558.000,167.954,11.242,4214.216
66,72c095b0-c7ab-4e22-a4aa-4163102de553,mrsicflogellab,6738.000,11417.000,6468.000,8.390,21.423,5014.804
67,9991277b-9e8e-4db8-b8a6-e2c0176ef9ad,angelakilab,5472.000,10960.000,5837.000,-160.961,8.665,4892.923
68,ef33604f-93e8-43f3-a56c-e969579775e8,hoferlab,3821.000,8071.000,6132.000,19.413,7.958,6014.608
69,2b3c3126-11f3-4a8e-aa44-2f965bf8ab9c,mrsicflogellab,4837.000,4422.000,5199.000,143.046,21.264,3889.053
70,66f810a8-b18d-4b54-9f28-2964dfceccad,angelakilab,5272.000,6808.000,6852.000,54.045,15.461,6408.411
71,6c8eb20d-2f70-4497-96aa-821b2be7ea49,angelakilab,5302.000,4684.000,6543.000,-4.246,12.210,5798.813
72,68f5f1e4-5e88-4aa5-8a1a-94b691adb11e,hoferlab,3305.000,4534.000,6529.000,-0.728,12.632,5691.995
73,08ed0b3c-9f94-4c1f-8522-3d42a642a6b0,angelakilab,1712.000,6371.000,6691.000,32.254,12.674,5731.056
74,e88eb9f8-fff3-469a-854d-d16adef19df0,churchlandlab,5132.000,5727.000,4085.000,-174.339,11.750,3610.387
75,63a32e5c-f63a-450d-85cb-140947b67eaf,mainenlab,4348.000,8062.000,3958.000,-174.835,11.060,3651.111
76,cab81176-36cd-4c37-9353-841e85027d36,danlab,3570.000,10091.000,6103.000,171.746,11.533,4901.540
77,143dd7cf-6a47-47a1-906d-927ad7fe9117,mrsicflogellab,3902.000,8092.000,4249.000,131.830,12.371,3864.209
78,ac088ddb-9e1e-49ae-b341-46a8445cf809,angelakilab,4433.000,6474.000,6658.000,45.136,20.185,6027.848
79,4755877d-fd14-42b3-bc15-e1996d153015,danlab,4954.000,4610.000,6427.000,32.996,15.021,5385.550
80,4f10fbb7-57be-427b-bb1d-a19bd31dc27b,hoferlab,3109.000,7603.000,4720.000,158.249,14.451,3815.967
81,521d4f09-e044-4da7-82dd-7db7b1dea72b,zadorlab,5724.000,8823.000,3685.000,144.719,17.704,3684.184
82,c42574be-0456-437f-8329-afc5a63b7e78,churchlandlab,3747.000,5723.000,6887.000,8.855,8.756,6335.582
83,04db6b9e-a80c-4507-a98e-ad76294ac444,churchlandlab,4037.000,11459.000,5091.000,51.730,14.478,4122.162
84,0ce74616-abf8-47c2-86d9-f821cd25efd3,churchlandlab,5444.000,11477.000,3810.000,142.731,15.402,2810.690
85,28d5d3fa-bae7-499c-9362-7328ed2ff0d0,hoferlab,3024.000,8313.000,6639.000,65.929,5.284,6165.322
86,6d3b68e0-3efd-4b03-b747-16e44118a0a9,zadorlab,4342.000,8038.000,6176.000,22.160,20.474,6352.759
87,51ed2573-9357-43fc-9841-67e9590811c4,wittenlab,4174.000,7569.000,3860.000,156.336,7.997,3519.438
88,e42e948c-3154-45cb-bf52-408b7cda0f2f,churchlandlab_ucla,4164.000,8637.000,4669.000,137.428,11.562,4332.211
89,a3ebc7f4-813a-4f06-a33e-9825c878f9c2,danlab,4550.000,9604.000,6802.000,8.704,18.830,6737.482
90,5a34d971-1cb3-4f0e-8dfe-e51e2313a668,mainenlab,5446.000,3365.000,5623.000,137.330,13.905,4092.820
91,c250d4f4-7516-4cf1-a8bd-04873ca9e21c,danlab,4412.000,9629.000,5634.000,24.567,17.194,4510.919
92,74006cce-e266-4ebb-aaab-3fd5eb2d72e5,mainenlab,3270.000,8417.000,6292.000,47.068,11.445,6139.179
93,9ac90b86-fc72-4ca0-9389-c8b3a77da437,zadorlab,4971.000,8040.000,6097.000,33.414,14.648,6069.178
94,8ee585ba-d055-4bb5-bc5f-2266a3d62bf4,hoferlab,3667.000,7649.000,6075.000,15.960,11.346,5992.321
95,f4f45cff-c45c-413a-92ea-b6533e3e0019,mainenlab,2825.000,5674.000,7216.000,9.804,7.380,6469.588
96,f3988aec-b8c7-47d9-b1a0-5334eed7f92c,mrsicflogellab,8952.000,12051.000,5082.000,177.012,9.040,3196.325
97,269211d0-7ec9-4a87-a94f-1cf68c56749f,zadorlab,3555.000,9810.000,4242.000,30.013,8.027,3728.161
98,ce24bbe9-ae70-4659-9e9c-564d1a865de8,mrsicflogellab,5131.000,11064.000,7224.000,18.745,11.869,6258.120
99,779fbed1-4b0e-4d7d-8882-6650690221a0,danlab,3620.000,6452.000,7152.000,49.653,5.418,6632.010
100,aec2b14f-5dbc-400b-bf2e-dd13e711e2ff,wittenlab,3435.000,6636.000,5092.000,179.249,11.666,4254.830
101,bfda40f8-a7a7-47cd-a439-39fb5cd7873f,danlab,4654.000,10758.000,5849.000,-162.850,9.246,4583.999
102,3bc030ba-c070-4443-a981-54ea9896b7a1,churchlandlab_ucla,4866.000,8473.000,4305.000,159.402,23.929,4190.147
103,c6ba6f8e-c13e-410f-b7df-e193ba0d239d,danlab,4018.000,9886.000,4585.000,169.277,11.002,3830.143
104,b90f00e8-ac5c-4530-9fbd-d0e055e3a718,angelakilab,7769.000,12204.000,5842.000,162.692,6.684,4447.716
105,07abb39b-063b-4ef8-b3ab-963c6a1b5cc5,danlab,4959.000,9028.000,5056.000,170.420,11.949,4810.128
106,fdee56fb-6cf4-4376-8194-ff0c6ae90c58,wittenlab,5139.000,9229.000,5289.000,9.254,17.590,5233.560
107,c2184312-2421-492b-bbee-e8c8e982e49e,danlab,5540.000,9852.000,5395.000,179.875,9.237,4301.204
108,bebe7c8f-0f34-4c3a-8fbb-d2a5119d2961,danlab,4137.000,6720.000,3654.000,156.250,20.882,3081.762
109,f703e521-7cd1-440a-a22d-71eb253e6c42,zadorlab,2980.000,9606.000,3691.000,11.150,21.419,3507.963
110,99993a2b-588e-4c0c-bfec-e3dfb4f61534,angelakilab,4343.000,2849.000,5907.000,-153.190,12.209,4201.565
111,f8249eab-d4c2-4fb0-a258-7f4b99fa19e4,angelakilab,3244.000,4631.000,6441.000,145.531,15.071,4288.588
112,220bca21-4cf8-43f1-a213-71645899c571,churchlandlab,3561.000,7824.000,4598.000,169.559,7.719,4059.546
113,ce99545f-c6a5-4d53-8b68-0ceb78bd942e,danlab,7416.000,12098.000,6354.000,66.072,17.530,4986.003
114,f8ef3dfc-f789-43a1-9015-c82ffa8e7df0,zadorlab,2775.000,10031.000,5210.000,-3.905,3.832,4119.477
115,3bd1f88b-4e0c-43a6-9483-3305e82f2fae,zadorlab,4049.000,10301.000,4852.000,160.308,17.838,3941.926
116,0aafb6f1-6c10-4886-8f03-543988e02d9e,steinmetzlab,4603.000,8126.000,4185.000,157.629,20.429,3958.974
117,3c15054d-9a26-40cc-af3b-d11b1cfe2212,zadorlab,6085.000,12031.000,7213.000,18.480,9.185,6040.677
118,68c98fb2-402b-4670-9b3b-0c77619998ea,zadorlab,2883.000,9421.000,5417.000,38.509,11.891,5152.109
119,03d2d8d1-a116-4763-8425-4ef7b1c1bd35,zadorlab,2833.000,4365.000,6444.000,65.849,7.335,4631.854
120,baf6ed8a-6c44-459f-8582-2be8d0e0bbc4,hoferlab,5322.000,7374.000,3766.000,170.287,11.701,3615.879
121,1841cf1f-725d-499e-ab8e-7f6fc8c308b6,churchlandlab,2284.000,8852.000,5948.000,34.155,8.595,5383.291
122,366dabe3-2790-4511-a7dc-023a1ad9df75,wittenlab,7580.000,10744.000,6358.000,-67.318,8.644,5090.508
123,749cb2b7-e57e-4453-a794-f6230e4d0226,mrsicflogellab,5197.000,3685.000,5361.000,146.890,18.006,3928.600
124,bdd57835-38b0-46ff-acda-45e14b8d6293,churchlandlab,3672.000,8044.000,6448.000,67.066,9.009,6199.014
125,06d42449-d6ac-4c35-8f85-24ecfbc08bc1,wittenlab,3070.000,6544.000,5746.000,104.211,9.535,4786.925
126,6fc4d73c-2071-43ec-a756-c6c6d8322c8b,hoferlab,4734.000,7152.000,4155.000,179.909,19.233,3897.965
127,6eb8be8d-d089-43c6-b2e4-a6558ca16dcf,mainenlab,5663.000,5989.000,4343.000,179.185,14.763,3973.973
128,b9a637fe-0f2a-4426-a0b6-1d4ecd154a93,hoferlab,5087.000,4534.000,5014.000,135.753,23.354,3827.387
129,af775340-53d0-43cd-9cda-48e32b95adca,danlab,4253.000,6062.000,4366.000,153.700,22.018,3576.421
130,63517fd4-ece1-49eb-9259-371dc30b1dd6,danlab,3911.000,7230.000,4982.000,-174.288,9.751,4471.570
131,099c0519-640b-4eb7-867c-998dc337579d,mrsicflogellab,3481.000,7967.000,4637.000,159.118,22.822,3837.335
132,ca5404f7-297c-40f1-bbf0-5ac0a63e24f8,danlab,6545.000,9025.000,4707.000,-0.000,10.529,4406.442
133,11f70c37-a546-439a-9fb7-da6b6ebfb0cb,danlab,8255.000,12394.000,6653.000,64.902,10.873,4941.571
134,fcc167d6-cb53-4dc7-a58f-06a53cfabc84,wittenlab,4502.000,9229.000,3869.000,-123.093,5.489,3384.253
135,3220377b-f53e-412d-a859-ef8ccb8f0a40,zadorlab,4587.000,7782.000,6484.000,27.975,15.576,6394.208
136,f93bfce4-e814-4ae3-9cdf-59f4dcdedf51,angelakilab,4417.000,8151.000,4972.000,155.461,18.218,4629.299
137,2122d807-13ab-494e-a1cc-e55cf24d3e9f,cortexlab,4944.000,5907.000,4621.000,149.509,13.708,4009.996
138,759860bc-732d-4b9e-aeb4-154ef37c056b,cortexlab,7990.000,11792.000,4912.000,165.152,7.091,3690.726
139,0777b1bf-964b-49b7-888b-8a6c9df09c3b,angelakilab,4374.000,5810.000,5242.000,155.717,15.528,4403.003
140,01864e9d-0dbe-41d4-9e3a-0285348ecfc1,angelakilab,4113.000,9819.000,6584.000,28.340,14.997,5651.663
141,84b29fd0-2a50-4e09-9898-aec0d63433b7,churchlandlab,5861.000,7934.000,4348.000,154.560,13.165,4285.892
142,31f3e083-a324-4b88-b0a4-7788ec37b191,angelakilab,3998.000,7737.000,3776.000,132.610,11.261,3390.819
143,e8be67e4-d457-4e36-8ae4-5d324dc11c21,cortexlab,2490.000,5851.000,7245.000,0.094,6.560,6436.987
144,a8adabd7-7979-4fcf-99e7-d9bd9d27896f,cortexlab,4032.000,4405.000,7141.000,21.172,9.215,6145.439
145,efd88e2e-7d5c-49a9-b3cd-cf8c19ee91c1,angelakilab,3122.000,4124.000,6226.000,-69.104,5.080,4844.621
146,588070f0-b2a1-4d55-8946-66d1a37c7586,cortexlab,4660.000,2975.000,6087.000,107.000,12.561,4084.727
147,01937b3b-8719-43c3-b5bd-14e6b0cf2802,wittenlab,6377.000,11514.000,6461.000,14.986,12.994,5399.508
148,b7612153-372f-415a-9770-7101fbbbdc59,danlab,4732.000,6263.000,4276.000,161.828,19.181,3785.926
149,6452af8b-b05d-4b91-ac8f-1a2b1fc80dd6,cortexlab,2485.000,5033.000,6241.000,-14.967,0.819,4741.175
150,621ca6ee-17e8-4953-b107-c5d4b4161eb4,cortexlab,6685.000,12860.000,4995.000,168.258,7.350,3271.657
151,80f6ffdd-f692-450f-ab19-cd6d45bfd73e,churchlandlab_ucla,4487.000,8154.000,4606.000,153.030,18.776,4310.896
152,1e890a6a-b944-47d7-958c-c84481ade224,cortexlab,4346.000,11050.000,5212.000,-176.885,13.427,3970.235
153,b7c57ce1-a75b-410a-94b6-8abee5a92c4f,angelakilab,5661.000,9768.000,3932.000,165.715,13.200,2985.669
154,bf99284f-dc34-4652-baf1-ffaa1cc7fb05,mainenlab,3911.000,5983.000,6847.000,36.802,15.248,6241.643
155,a9e83d8a-7c90-4152-abad-53a1ad94d73a,angelakilab,4847.000,5746.000,4852.000,163.097,17.799,4177.185
156,caf2170c-5463-46ce-8cd0-66f2e1e3376d,mrsicflogellab,3909.000,10378.000,5311.000,152.441,15.747,4401.101
157,db22891d-02cc-4318-9594-53e042d40396,cortexlab,2603.000,8935.000,5721.000,2.630,13.653,5501.451
158,504a6317-20cb-44af-8809-1e577c016de0,cortexlab,5456.000,8202.000,4283.000,111.963,23.911,4329.403
159,d63e4767-a814-4ff2-8421-173c8bff4e22,hoferlab,5395.000,5385.000,4383.000,143.146,17.958,3634.904
160,818d2996-766a-4fd9-82b8-7e4cb080af0e,danlab,3577.000,7018.000,5202.000,155.922,16.029,4372.490
161,26af22bb-b295-4a45-8ed3-1700604c0708,cortexlab,5442.000,5015.000,5069.000,126.056,15.829,4151.522
162,bc1602ba-dd6c-4ae4-bcb2-4925e7c8632a,mainenlab,4092.000,6973.000,4692.000,-179.874,10.890,4192.471
163,63435e73-6a72-4007-b0da-03e6473e6870,cortexlab,2644.000,8931.000,5725.000,178.469,16.158,4112.189
164,19c9caea-2df8-4097-92f8-0a2bad055948,danlab,2755.000,5846.000,7056.000,140.900,2.264,5860.337
165,f6aad04f-d47c-434f-abec-bd39adec6908,cortexlab,3671.000,8310.000,5303.000,-9.463,4.611,5044.622
166,e50f63eb-fce0-4679-996d-b4c3cb4f3a62,cortexlab,5697.000,3787.000,5716.000,136.218,15.022,4390.603
167,2c401cbd-b95c-4ebe-8a83-92b55ab49542,cortexlab,4119.000,3044.000,5653.000,136.072,16.509,3392.505
168,adcd791c-ead3-4572-a9cb-028bbee1d2e4,mainenlab,5454.000,3896.000,5747.000,171.592,14.624,4621.599
169,f2a098e7-a67e-4125-92d8-36fc6b606c45,cortexlab,4555.000,7964.000,4565.000,160.174,15.497,4296.457
170,e9c04e7e-c075-4ee3-9750-dff255ec7e84,angelakilab,8835.000,12432.000,4504.000,170.445,14.024,2658.570
171,7c167d19-7b70-45bf-b0e8-9035227a359e,wittenlab,2635.000,9175.000,4268.000,-174.123,9.175,3056.821
172,43b9b189-5221-46a0-928a-e137bc326534,angelakilab,3469.000,10812.000,6977.000,46.499,6.227,5333.135
173,c9fb5e2e-bd92-41d8-8b7e-394005860a1e,wittenlab,2970.000,8182.000,6497.000,17.049,7.324,6197.986
174,1df6ebb3-9d16-4c0f-96cc-e1b1596d2006,cortexlab,1660.000,8068.000,6529.000,102.826,6.997,4991.213
175,fddceb2e-82ba-493d-baba-c5d8af65981f,mainenlab,5122.000,4937.000,5412.000,167.168,18.371,4464.177
176,9241a007-33e7-4573-8292-eebd7a718e70,cortexlab,3444.000,10023.000,6331.000,-103.728,0.856,5306.542
177,2ce1d485-ebce-41a2-a5ce-aa109d5a13a3,mainenlab,5210.000,3760.000,6018.000,144.333,13.621,4623.143
178,8d661567-49f3-4547-997d-a345c0ffe2dd,cortexlab,1230.000,6219.000,5458.000,-9.304,5.456,3674.827
179,37137b1d-34d4-4183-9796-abfc9ffb6abe,wittenlab,8296.000,11760.000,5045.000,179.033,8.840,3714.626
180,0252da71-5f32-4d11-b25a-2032ef5f9793,danlab,5392.000,9768.000,4385.000,-179.390,15.796,3803.640
181,eab93ab0-26e3-4bd9-9c53-9f81c35172f4,cortexlab,3826.000,8227.000,5679.000,176.108,12.755,5079.271
182,af2a0072-e17e-4368-b80b-1359bf6d4647,mainenlab,5561.000,5250.000,4114.000,173.835,19.412,3513.682
183,cf162e22-792b-4eef-9f98-0a436456ae04,cortexlab,7156.000,7689.000,4540.000,20.403,12.488,4163.209
184,aecd7612-b5c5-4ad2-9e76-e5b783387e47,cortexlab,5019.000,10915.000,6694.000,10.983,19.064,5865.505
185,2694aa18-bc02-485a-b9c9-ed8d6e715d63,hoferlab,3833.000,8494.000,5949.000,39.965,13.336,5933.724
186,c0e59477-43f0-4441-9f81-3a55ddad9dad,wittenlab,5217.000,11354.000,6961.000,-10.966,16.401,5979.566
187,ad292781-8f17-413c-9c19-4a2087ab976a,angelakilab,3269.000,8591.000,6302.000,95.917,4.365,5818.903
188,0228bcfd-632e-49bd-acd4-c334cf9213e9,mrsicflogellab,7320.000,12527.000,4747.000,172.272,18.405,3579.705
189,de5d704c-4a5b-4fb0-b4af-71614c510a8b,mrsicflogellab,7800.000,12601.000,5342.000,177.594,18.139,3937.500
190,d3b3c9a7-cf6a-4d25-b8da-e0f599a26191,wittenlab,4378.000,8314.000,5496.000,24.390,23.149,5787.074
191,20469b30-1cd8-4078-9883-a840a0f6d787,wittenlab,5955.000,3906.000,5618.000,130.684,26.159,4281.023
192,f698f893-da01-49a1-ae4b-16f7e42e5ff5,wittenlab,2647.000,9316.000,5465.000,164.541,13.009,4018.373
193,70da415f-444d-4148-ade7-a1f58a16fcf8,cortexlab,3982.000,8115.000,4517.000,141.771,16.332,4108.129
194,31dfa577-0a6c-41c0-ab8f-ad592ae2c6b1,cortexlab,4356.000,5872.000,5069.000,148.849,12.270,4292.412
195,06c6741e-9f2a-4114-8ca9-0dc5ccc951e6,hoferlab,5035.000,3288.000,5743.000,136.517,18.299,3995.200
196,485b50c8-71e1-4654-9a07-64395c15f5ed,steinmetzlab,4800.000,7947.000,4322.000,168.816,21.680,4139.867
197,ad315779-2b39-46c4-8348-b166e796fa7c,cortexlab,5433.000,3475.000,5556.000,15.759,17.348,4327.412
198,825ba9b8-ce03-49b7-b1a8-4d85ae2185af,cortexlab,3834.000,9850.000,6004.000,-122.042,2.313,5107.859
199,22212d26-a167-45fb-9963-35ecd003e8a2,cortexlab,4185.000,7716.000,4075.000,161.307,12.960,3693.650
200,a8c6584c-0658-490d-82e3-46f3b6404479,cortexlab,4317.000,8648.000,5797.000,25.722,4.049,5635.687
201,f639f4f3-ac14-4114-b712-f445463597e4,cortexlab,5186.000,7115.000,6622.000,7.573,7.881,6357.150
202,02328ef5-47d4-4690-b020-04b6315aa2d6,hoferlab,3217.000,4872.000,6777.000,26.869,9.380,5728.843
203,176b4fe3-f570-4d9f-9e25-a5d218f75c8b,wittenlab,2494.000,10152.000,5065.000,25.717,10.952,4267.860
204,f5a89b48-fe42-43c5-a33c-c4cc39b8a279,cortexlab,2666.000,6447.000,6513.000,17.567,4.014,5752.276
205,05ccc92c-fcb0-4e92-84d3-de033890c7a8,mainenlab,2167.000,7294.000,5875.000,41.950,5.882,5026.421
206,02cc03e4-8015-4050-bb42-6c832091febb,churchlandlab_ucla,4961.000,8188.000,4751.000,155.609,20.351,4613.777
207,b543e81e-4c8f-415e-82ec-631b177d19d2,cortexlab,5100.000,8807.000,3341.000,-174.392,13.434,3152.238
208,c17772a9-21b5-49df-ab31-3017addea12e,hoferlab,4055.000,7776.000,4099.000,145.340,11.007,3691.714
209,0685d767-80a2-49b6-a51a-0e9b1dd7a14d,mrsicflogellab,4655.000,10614.000,6450.000,153.459,18.933,5788.057
210,c09b3c18-c9e5-4551-9a35-7b2a069f57ff,hoferlab,4774.000,5863.000,4320.000,75.266,11.775,3646.710
211,64f4afa4-ec5f-4ad6-ab28-415a9a8098ed,mainenlab,1971.000,8323.000,6243.000,2.929,9.396,5694.691
212,72274871-80e5-4fb9-be1a-bb04acebb1de,cortexlab,2641.000,9025.000,4200.000,-180.000,18.596,2795.493
213,94fcff55-2da2-4366-a2c7-2f58c05b54dc,danlab,4181.000,9702.000,6560.000,29.264,5.338,6085.964
214,e018f54c-e404-4232-8cb3-119ac1b2c7f1,cortexlab,5696.000,4596.000,5974.000,51.855,12.212,4884.327
215,d1d9defc-6f73-489f-9f14-2c0b5e970b2d,zadorlab,2475.000,5069.000,6095.000,72.906,7.752,4410.463
216,ad5277e5-933d-45e4-bade-c9bd0e1f144a,cortexlab,1238.000,8863.000,5590.000,-10.657,11.359,4452.580
217,f475ae14-9415-453e-b800-1480ea1c868d,angelakilab,4399.000,5465.000,4668.000,145.780,10.572,3782.320
218,f9d8aacd-b2a0-49f2-bd71-c2f5aadcfdd1,churchlandlab_ucla,4448.000,8379.000,5190.000,162.732,16.247,4858.866
219,d403c464-9d91-4338-b64b-81c299356972,mrsicflogellab,2533.000,9381.000,5394.000,22.580,14.789,5164.878
220,727ff7c4-d63f-4bd8-9888-f134a25b874f,wittenlab,5201.000,8098.000,4810.000,7.021,14.612,4789.673
221,88fe9ed9-9e3e-431a-8ecc-4cb2fe5bf448,mrsicflogellab,4710.000,10454.000,5903.000,166.948,23.279,5092.220
222,d7c47ded-7e79-44df-b738-ed0c97c76837,mainenlab,6834.000,10944.000,6541.000,-46.713,9.980,5397.601
223,91fb4ed3-ee27-4d7e-ba5d-f61202ed9884,zadorlab,1527.000,8938.000,5690.000,21.060,5.869,4437.917
224,41b9162e-df67-4321-b2e6-02ff851816c5,mainenlab,4643.000,6780.000,6235.000,3.165,17.910,6210.973
225,68f06c5f-8566-4a4f-a4b1-ab8398724913,mrsicflogellab,7195.000,12616.000,6289.000,165.430,7.907,4860.110
226,695476f6-4c14-4a2f-b658-948514629079,danlab,3871.000,6651.000,4713.000,148.907,22.067,3871.848
227,42fff37a-9040-417c-a3a2-82e7708f7161,mainenlab,4380.000,10448.000,5081.000,156.102,17.342,4328.120
228,8b735d77-b77b-4243-8821-37802bf402fe,cortexlab,1475.000,9624.000,5086.000,44.909,7.559,3490.946
229,80963057-b61b-4e77-86aa-cd74bab455eb,mainenlab,6159.000,11562.000,7002.000,8.615,15.396,5966.268
230,8abf098f-d4f6-4957-9c0a-f53685db74cc,cortexlab,4616.000,8167.000,4409.000,148.188,18.345,4171.384
231,10f59add-706e-41d0-87ed-9a55eb138a66,mrsicflogellab,7949.000,12357.000,6611.000,39.555,13.007,4758.521
232,47da98a8-f282-4830-92c2-af0e1d4f00e2,zadorlab,6704.000,12906.000,7084.000,33.589,15.778,5568.459
233,6f9b1f0f-4dd5-4c01-88fe-887c68bf169b,cortexlab,3415.000,7972.000,5897.000,155.408,4.850,5340.976
234,ee537153-e8a7-49de-a567-5b22261349e2,mrsicflogellab,7430.000,12415.000,4515.000,123.535,22.660,3781.876
235,41a3b948-13f4-4be7-90b9-150705d39005,angelakilab,3750.000,6885.000,5368.000,-138.329,12.337,4854.711
236,a6fe3779-2b77-4b66-a625-a6078720e412,danlab,3755.000,8011.000,5409.000,155.647,4.491,4974.147
237,f26a6ab1-7e37-4f8d-bb50-295c056e1062,danlab,3811.000,7601.000,4622.000,143.967,5.264,4189.744
238,84fd7fa3-6c2d-4233-b265-46a427d3d68d,wittenlab,3935.000,7322.000,4049.000,120.440,12.926,3615.169
239,f8d0ecdc-b7bd-44cc-b887-3d544e24e561,angelakilab,3891.000,8390.000,4207.000,129.237,10.451,3845.310
240,9915765e-ff15-4371-b1aa-c2ef1db8a254,mrsicflogellab,2575.000,8089.000,6971.000,85.385,11.435,6270.338
241,da8dfec1-d265-44e8-84ce-6ae9c109b8bd,hoferlab,4642.000,5085.000,6768.000,8.765,16.120,6134.289
242,5d5db50a-f83d-4599-92d4-7a37fe26b674,hoferlab,3829.000,7894.000,6288.000,29.283,12.185,6202.614
243,316a733a-5358-4d1d-9f7f-179ba3c90adf,hoferlab,3520.000,7541.000,4859.000,166.035,13.922,4156.101
244,55423355-281c-41f2-8ef7-5aa098ffbbed,hoferlab,1700.000,7309.000,5009.000,36.022,7.700,3919.813
245,8f1d5aad-8c1f-4e81-869a-5a1ab1bf53b2,cortexlab,4101.000,8072.000,4256.000,137.472,19.314,3900.905
246,48c02db0-107e-4413-ae6a-60793ec7cc14,hoferlab,4425.000,3044.000,5664.000,150.707,17.139,3598.866
247,4ca5f874-f14e-4f62-adb3-c638a94a89f2,angelakilab,3036.000,5889.000,7380.000,59.423,9.030,6409.239
248,465edf04-1804-4529-9fd9-aed61dd88253,cortexlab,4852.000,7796.000,6146.000,18.415,12.082,6004.046
249,b1455ca8-3999-4eb8-9e1e-5c8d0d2e5719,hoferlab,1155.000,8822.000,5456.000,61.789,14.558,4164.283
250,786cc6e3-2aa4-4afb-be8f-5d60f80b30b1,cortexlab,5274.000,2592.000,5598.000,135.642,6.539,3672.059
251,c893c0a3-5597-49cf-baa1-60efdfdef542,angelakilab,3622.000,7574.000,4414.000,129.096,15.416,3826.894
252,3530526e-e690-4222-878f-0f9f401fa759,hoferlab,2374.000,8041.000,7008.000,87.727,6.255,6119.398
253,443b86e1-e80e-4773-b103-a1c94892d4a1,zadorlab,4637.000,9648.000,4361.000,169.310,11.402,3913.046
254,8386f396-0a69-48b5-98d4-18801066ea76,hoferlab,4093.000,5182.000,7242.000,14.660,18.459,6632.861
255,0addf195-9341-4a03-b8cc-b43beb7873b0,angelakilab,4757.000,9673.000,7177.000,15.283,11.443,6174.673
256,f7c93877-ec05-4091-a003-e69fae0f2fa8,zadorlab,3409.000,6742.000,4393.000,175.260,13.175,3561.951
257,e10a7a75-4740-41d1-82bb-7696ed14c442,churchlandlab,6612.000,9294.000,4535.000,-10.814,17.276,4094.387
258,0d59e3a1-86c1-44bd-b291-d1f8bc8327ba,cortexlab,3718.000,9063.000,4808.000,166.733,9.771,4193.474
259,5d570bf6-a4c6-4bf1-a14b-2c878c84ef0e,zadorlab,4561.000,10513.000,6947.000,44.913,4.829,5692.431
260,a288f376-631f-4559-873d-1724012bda87,hoferlab,3137.000,4599.000,6361.000,29.341,15.978,5368.822
261,bef552f5-efd8-4e98-8467-d54ac7c4ef41,hoferlab,3382.000,4349.000,6490.000,68.984,8.658,4971.493
262,bdb2ec51-d948-4428-b2cc-2c6cd5bf5fe3,danlab,5793.000,11239.000,5619.000,152.117,14.299,4663.010
263,396a41bc-78fc-4fc5-b559-b83a5cdb86fd,hoferlab,5909.000,3758.000,5868.000,129.077,18.005,4408.701
264,8185f1e9-cfe0-4fd6-8d7e-446a8051c588,angelakilab,4262.000,8146.000,4216.000,130.866,12.059,3928.106
265,69f546ce-a67c-4849-a7d4-6a90371baf8e,cortexlab,4370.000,4560.000,7195.000,150.621,11.536,5709.870
266,53ecbf4f-e0d8-4fe6-a852-8b934a37a1c2,cortexlab,6688.000,8569.000,4938.000,-29.238,5.786,4686.575
267,0fa33419-e7b9-4d00-8cab-3b51f93ecf0c,zadorlab,5880.000,7619.000,3173.000,128.246,28.430,3181.521
268,ed469fda-4519-456f-a671-cf901222b4f8,zadorlab,4178.000,8372.000,4752.000,70.559,20.613,4756.311
269,8d0a5caf-2be2-48c1-bf1a-f538bacd46b4,churchlandlab,7520.000,11808.000,4037.000,166.767,19.873,3309.389
270,e55266c7-eb05-47bb-b263-1cc08dc3c00c,churchlandlab,6969.000,8104.000,4129.000,56.521,15.672,3899.165
271,154b7adb-c947-4b65-a0ff-c0bb707e1564,churchlandlab,2255.000,11496.000,5177.000,44.206,13.887,3581.765
272,96fe2729-b5a2-4e77-92bb-9df410144768,zadorlab,4081.000,6990.000,5282.000,75.506,22.589,4881.665
273,b4131145-9675-4433-88e1-9ae016c701dd,zadorlab,5477.000,6720.000,3901.000,136.931,27.974,3653.076
274,cc9d666c-6fe5-418d-9b37-114428d25454,cortexlab,4278.000,8650.000,4308.000,135.125,10.652,4026.988
275,c84144db-4498-4627-b72a-975a6b618715,zadorlab,4434.000,8731.000,5106.000,167.015,18.089,4739.931
276,11e7d50f-7f48-4d9c-9cfb-8a3067800a1b,zadorlab,3745.000,9428.000,5544.000,153.664,17.680,4847.963
277,ea084e63-c0cb-4e11-8440-302de8fc76ee,mrsicflogellab,6059.000,3726.000,5376.000,41.963,17.500,3985.200
278,7b05cccc-44f6-4491-a0ea-e38d6e95513d,angelakilab,4040.000,3464.000,6590.000,-140.416,13.092,5097.500
279,a69887c2-f35d-497c-a2db-d9c44406369a,zadorlab,6353.000,10237.000,4097.000,42.514,15.434,3680.008
280,0c42a3d2-beb7-4b7b-a9b5-1eea6c51e1f4,cortexlab,5801.000,5892.000,4483.000,150.133,15.254,3947.221
281,e8129a86-b5a9-4d2e-9e9c-09689c9bf0b3,cortexlab,3207.000,7587.000,6931.000,4.009,10.703,6824.924
282,b549e337-acc5-4837-9c56-e53b173fe5fe,wittenlab,4156.000,3866.000,5871.000,68.491,16.965,4386.447
283,adca9242-0725-41d4-8eb1-5655a464431d,cortexlab,5535.000,5074.000,5253.000,124.514,15.017,4325.664
284,df7d2ca7-068b-4df2-9782-8f6bb7d67f18,hoferlab,3098.000,7993.000,4494.000,160.588,17.107,3577.583
285,ae47844e-636f-4f8e-aff8-c6fe8213675b,cortexlab,4910.000,8172.000,6043.000,34.087,13.549,5933.630
286,954b1983-e603-4611-ba15-dc2db6f988ab,danlab,4960.000,7113.000,3898.000,146.684,22.375,3647.158
287,ecde7e20-f135-47dd-8f96-adac49e4942e,danlab,4227.000,5461.000,4605.000,149.219,22.387,3519.818
288,532bb33e-f22f-454a-ba1f-561d1578b250,zadorlab,5084.000,8304.000,4454.000,141.741,18.478,4353.787
289,10ef1dcd-093c-4839-8f38-90a25edefb49,cortexlab,5513.000,9832.000,4790.000,154.034,12.893,4426.386
290,2781c08e-a356-4a0d-8c28-4f94d1c87f69,zadorlab,4852.000,11479.000,5679.000,157.018,13.139,4548.174
291,fb76fd5c-0b91-41f2-9b94-0f64b62396cb,angelakilab,4209.000,8359.000,5961.000,81.849,11.349,5799.022
292,eda007e4-c91b-47d7-9896-95f083df6ffc,cortexlab,4883.000,10939.000,5277.000,159.340,9.531,4083.760
293,b98f6b89-3de4-4295-be1c-59e465de1e32,cortexlab,1838.000,6154.000,5941.000,46.829,4.875,4507.425
294,57656bee-e32e-4848-b924-0f6f18cfdfb1,zadorlab,4640.000,8380.000,3978.000,144.275,19.135,3813.259
295,50445b30-f4ef-4405-b014-1d792ddfed88,cortexlab,5204.000,10069.000,5200.000,169.401,16.421,4691.806
296,41ea689a-7e05-463b-915a-90e63b8c0572,cortexlab,2668.000,3939.000,5677.000,7.543,7.107,3932.354
297,febb430e-2d50-4f83-87a0-b5ffbb9a4943,danlab,4336.000,8067.000,5344.000,170.106,12.560,4987.963
298,e49f221d-399d-4297-bb7d-2d23cc0e4acc,cortexlab,3940.000,7677.000,4121.000,128.218,10.419,3706.838
299,23c9ddcb-31b7-4517-a8f4-ef40adba2ca8,zadorlab,5048.000,11611.000,3772.000,162.884,11.474,2752.012
300,25a9182c-4795-4768-af47-98975d2d2a8a,danlab,4342.000,10600.000,6164.000,15.553,19.561,5294.728
301,95fd67e6-cbff-4356-80c7-5a03b1bf6b8a,danlab,3900.000,7599.000,4794.000,-179.921,9.635,4330.450
302,dd619e10-5df1-4c79-bd62-cc00937b5d36,zadorlab,2576.000,8998.000,5882.000,37.298,12.329,5586.308
303,46686ed1-4a69-413c-96d0-63e09bd565db,cortexlab,1230.000,7257.000,5276.000,3.099,8.571,3995.845
304,6a22a5b4-79ec-4b3c-b023-1ec7b4a2b675,cortexlab,5943.000,4670.000,5250.000,133.414,15.820,4209.185
305,5e523a84-1045-4f79-9998-d860096eb329,cortexlab,4319.000,5562.000,5308.000,142.593,18.332,4248.214
306,f9d783f9-7d2e-4b53-83f7-9409f788cbca,zadorlab,2989.000,7644.000,5042.000,147.118,21.375,3884.432
307,eda7a3ac-f038-4603-9c68-816234e9c4eb,zadorlab,4859.000,9256.000,3871.000,153.999,15.503,3679.911
308,76999963-9a37-49f7-9cc1-c5aa1e6faba0,cortexlab,5330.000,6934.000,6908.000,41.933,10.998,6552.902
309,bc2e8a39-af40-4ad2-8e4c-3ba7020b2f7b,angelakilab,4843.000,10111.000,5406.000,-178.113,10.042,3915.700
310,a3d13b05-bf4d-427a-a2d5-2fe050d603ec,zadorlab,4424.000,8733.000,4056.000,152.763,16.489,3786.681
311,eb81be5b-2614-4f3f-b087-a2ec4bba3187,cortexlab,2347.000,4469.000,6028.000,21.648,7.873,4343.680
312,d6c810b2-5922-4127-af2b-4b104bc55c2b,zadorlab,4098.000,9676.000,4924.000,145.833,15.664,4438.954
313,8bf0f1a4-0d8c-4df3-a99e-f7c81c809652,zadorlab,5380.000,9410.000,6667.000,25.644,12.387,6569.913
314,f74a6b9a-b8a5-4c80-9c30-7dd4cdbb48c0,churchlandlab,5340.000,4892.000,6466.000,33.512,19.188,5602.080
315,c4f6665f-8be5-476b-a6e8-d81eeae9279d,danlab,4555.000,7932.000,4139.000,175.881,18.531,3864.112
316,fe2d6fc9-b0c4-4256-b427-9c06950da925,cortexlab,5851.000,8874.000,5397.000,167.392,11.213,5272.660
317,9150758e-1390-41d1-b426-96675e60dbea,cortexlab,7044.000,8379.000,4270.000,-35.960,10.437,3960.056
318,7bc16ab1-1b0d-4f52-9e4b-210106ea344c,churchlandlab,6029.000,12401.000,7096.000,34.959,13.338,6059.501
319,e53c4dea-7ac7-43d5-ae74-34957fcfe01d,angelakilab,5237.000,8055.000,4542.000,162.503,12.450,4420.736
320,1d547041-230a-4af3-ba6a-7287de2bdec3,cortexlab,5634.000,10833.000,4536.000,161.971,8.495,3449.149
321,117f0d28-3cc0-4837-9e3e-46db5bc3e662,angelakilab,3624.000,6022.000,5918.000,149.136,14.148,4762.579
322,62a97aee-9f8b-40be-9ea7-f785ede30df8,churchlandlab,5594.000,3759.000,5775.000,131.370,25.457,4291.177
323,e52942b9-62b8-4cbf-9597-d73aea5cdb3e,churchlandlab,5606.000,12540.000,6560.000,29.903,14.918,5572.867
324,63679ae2-6c87-495b-b888-a7273e545636,danlab,4405.000,11099.000,5636.000,-179.944,13.593,4383.860
325,afe87fbb-3a17-461f-b333-e22903f1d70d,churchlandlab_ucla,6835.000,7964.000,4670.000,29.257,17.303,4393.861
326,ca5764ea-a57e-49de-8156-84da18ad439f,zadorlab,4212.000,7781.000,3719.000,160.761,11.277,3384.218
327,50f1512d-dd41-4a0c-b3ab-b0564f0424d7,churchlandlab,4440.000,8412.000,4844.000,171.269,15.884,4490.904
328,0a9800bb-b4a3-4162-b6a8-79a07c6131cc,cortexlab,2099.000,6157.000,6973.000,4.162,7.335,6097.501
329,6be21156-33b0-4f70-9a0f-65b3e3cd6d4a,angelakilab,3559.000,7396.000,3644.000,140.274,11.760,3084.057
330,b749446c-18e3-4987-820a-50649ab0f826,cortexlab,4108.000,7678.000,4444.000,147.004,9.868,4054.062
331,aae65ecf-6904-4102-8efc-51dc0f0698a4,cortexlab,3131.000,7579.000,5298.000,99.269,6.753,4680.700
332,da57bb3a-b0f2-465d-a5fc-cc84341450b0,wittenlab,4328.000,10377.000,5461.000,167.089,18.870,4528.933
333,5810514e-2a86-4a34-b7bd-1e4b0b601295,churchlandlab,4766.000,6740.000,5149.000,171.795,14.004,4765.243
334,56f2a378-78d2-4132-b3c8-8c1ba82be598,angelakilab,3387.000,7924.000,3847.000,134.409,10.970,3281.906
335,6c897616-f03c-442c-acd8-109fd97ba463,churchlandlab,1890.000,7474.000,6426.000,-53.424,5.889,5479.688
336,ec7ebf8c-63a2-4f2b-8305-7291364f5c44,churchlandlab,3346.000,8007.000,4963.000,-170.109,20.642,4020.647
337,3cf66b31-9f69-4050-93d8-c0de1b7ce944,mrsicflogellab,3304.000,8038.000,5011.000,-24.033,7.187,4723.154
338,30ac1320-d671-46fc-87ef-875cdfc6b4eb,zadorlab,4315.000,8449.000,5214.000,67.429,19.875,5251.671
339,fb2f994b-5be8-4c1c-81dd-aad4b19ddcf7,mrsicflogellab,4447.000,8337.000,3941.000,-169.456,8.152,3652.554
340,e6402305-5028-42aa-975b-c540c882b131,mrsicflogellab,3361.000,7897.000,4642.000,46.291,3.044,4222.959
341,9338f8bb-e097-46d8-81b4-7f37beb4d308,wittenlab,3062.000,7534.000,5826.000,56.894,8.127,5354.350
342,826733f9-5634-422e-ad96-c28cb61b4df3,cortexlab,4293.000,8343.000,4295.000,147.540,15.384,3988.296
343,2aea57ac-d3d0-4a09-b6fa-0aa9d58d1e11,danlab,4464.000,7075.000,4583.000,-180.000,6.967,4239.139
344,32e21ee6-9b3a-4eb8-8527-2fea690a00ce,churchlandlab,1780.000,9432.000,5386.000,21.146,10.814,4541.889
345,0179fc61-0a82-4e2b-b6e6-8b44efd23744,hoferlab,4298.000,6527.000,3692.000,168.466,11.094,3227.713
346,ebd18510-c263-4d5b-a736-a588862a6972,mainenlab,5230.000,4158.000,5177.000,145.290,15.711,4001.418
347,4e6dfe08-cab0-4a05-903b-94283cb9f8e7,angelakilab,5765.000,10667.000,4878.000,-167.609,7.715,3736.656
348,18556afe-2b66-4b2a-88a3-50a76370b4ba,danlab,3512.000,7600.000,4534.000,170.481,9.206,3934.883
349,f0dfd1c1-d315-4cf8-9130-05d3be2ea0cb,cortexlab,4462.000,10768.000,6761.000,31.735,3.715,5672.563
350,5a4740a3-8e93-495d-b6cf-83dccba01d7a,mainenlab,6602.000,11069.000,4618.000,-39.708,8.670,3432.022
351,e319e7c7-d78b-4d0a-9150-fecb603e2c83,angelakilab,3687.000,7664.000,4829.000,127.726,15.307,4255.366
352,7beb9419-113d-4e47-938c-68ab2657031e,mainenlab,6048.000,7617.000,4585.000,151.179,17.834,4553.871
353,6506252f-1141-4e11-8816-4db01b71dda0,angelakilab,2804.000,8128.000,6870.000,92.536,9.910,6187.260
354,30dfb8c6-9202-43fd-a92d-19fe68602b6f,wittenlab,8309.000,11486.000,5513.000,-166.063,9.107,4292.274
355,1d237afc-ac2f-4bac-a163-a397fe09819f,mainenlab,3621.000,7080.000,6444.000,15.384,6.323,6156.763
356,3675290c-8134-4598-b924-83edb7940269,cortexlab,4690.000,9262.000,5252.000,-13.558,3.242,4734.242
357,cf4f855f-0d61-4cbb-aa3f-145e90caae74,cortexlab,4475.000,9264.000,5824.000,-58.376,0.961,5374.789
358,fa539f97-a078-4fc6-9a12-237799466d9c,cortexlab,4022.000,8484.000,5811.000,-178.858,12.130,5278.794
359,262337f9-2cff-4dc0-8b1b-65b34bb41d5e,hoferlab,6043.000,4148.000,5793.000,127.330,16.511,4425.293
360,d9eef6fb-1fcc-4850-938d-af183d8f9f19,hoferlab,5371.000,5228.000,4723.000,145.090,16.461,3908.235
361,19baa84c-22a5-4589-9cbd-c23f111c054c,hoferlab,4236.000,7903.000,4127.000,157.312,13.237,3777.510
362,0dfc64c5-80bc-43b6-a7c4-2fb6e638e9f3,zadorlab,2938.000,5311.000,6655.000,66.157,6.242,5386.718
363,27bac116-ea57-4512-ad35-714a62d259cd,churchlandlab_ucla,4593.000,9039.000,4510.000,135.071,27.634,4469.443
364,8dfb86c8-d45c-46c4-90ec-33078014d434,angelakilab,4401.000,7187.000,6718.000,77.759,11.778,6326.253
365,ad2b7307-95e7-4c86-9d00-cca859732525,angelakilab,4992.000,7552.000,4047.000,129.494,12.831,3817.385
366,09cd7ab9-f8cd-4bd4-bcd6-64f57eedea46,angelakilab,3884.000,9414.000,6276.000,87.458,6.256,5961.539
367,f9b2e36b-eef8-402f-b121-786dfed58bcb,zadorlab,5204.000,9645.000,3732.000,148.691,18.716,3571.260
368,9e44ddb5-7c7c-48f1-954a-6cec2ad26088,cortexlab,4159.000,7753.000,4257.000,167.178,12.003,3866.451
369,1bd85dab-7a53-49d1-acd4-e82f9fd07cf6,zadorlab,2945.000,9493.000,4104.000,56.805,11.665,3654.724
370,578ca001-8cf5-4d30-b58f-1d574eaf808a,mrsicflogellab,4197.000,9784.000,4136.000,167.810,10.414,3519.301
371,31d8dfb1-71fd-4c53-9229-7cd48bee07e4,hoferlab,4100.000,3421.000,5763.000,164.980,12.700,3883.324
372,437f43e1-9c8f-4be9-ac89-97885b0e03d0,cortexlab,4849.000,10933.000,5042.000,159.527,10.024,3825.823
373,5011eba9-8926-4a73-b729-579d02676d25,zadorlab,4419.000,3983.000,5380.000,159.850,17.029,3796.050
374,e22d047c-5beb-4e5b-9a3d-53b637743856,zadorlab,3348.000,4322.000,6971.000,18.285,11.572,5915.772
375,8895f61f-1c17-4d2f-8b9b-77476c5261b6,angelakilab,3286.000,7279.000,6522.000,71.387,12.357,6062.373
376,0f306cdc-878a-4ea0-9e91-b97736731637,hoferlab,5595.000,7526.000,3809.000,-172.907,21.558,3827.164
377,1784cd4b-2bd0-417f-a530-d57b0ddf5f42,mainenlab,6286.000,11687.000,6633.000,19.432,13.595,5589.909
378,d595ee58-75bb-4df3-96de-d9b4f4d1f6ab,cortexlab,5507.000,9350.000,5341.000,167.959,6.285,4895.179
379,b89ca6e3-3d2c-4b3d-8d6b-8ef7dfb2b209,mrsicflogellab,6138.000,13048.000,3786.000,36.332,12.027,2004.813
380,8b7c808f-763b-44c8-b273-63c6afbc6aae,mrsicflogellab,4446.000,7926.000,3795.000,148.084,18.800,3507.156
381,e7080659-8319-48a6-b6fd-2e8ce8eeec49,angelakilab,5869.000,8271.000,4235.000,-176.456,12.103,4151.912
382,298e2a70-9801-45f0-b91c-d6bb9718427e,angelakilab,8209.000,11705.000,5381.000,178.324,13.575,4301.521
383,9dff5593-e781-41a3-a6f9-20d06085e4f8,angelakilab,8209.000,11705.000,5381.000,178.324,13.575,4301.521
384,61ed1a53-2f33-4a83-82ba-ec7dfa65bf60,mainenlab,1697.000,8810.000,5702.000,21.134,6.324,4655.575
385,4f46198d-c54d-4627-9e4e-3c8fd4c3c070,danlab,4423.000,4611.000,6994.000,29.151,13.177,5668.472
386,b9b101cf-24d3-4c2a-8464-bc91b9f0c767,danlab,3478.000,10018.000,5835.000,162.304,15.024,4669.277
387,701026df-e170-4ca7-88aa-eb0b95ef6ba1,angelakilab,2496.000,9466.000,6117.000,64.757,11.867,5637.053
388,19137f8d-0f3b-4923-93ad-f741758e1b2e,wittenlab,4892.000,8120.000,4072.000,177.090,13.229,3900.804
389,46630957-63fd-4d0d-a2ba-8766f0796db8,wittenlab,2013.000,6913.000,7491.000,14.348,6.509,6708.762
390,134e8241-f5d7-4ad7-a8c0-11b34f2eedc3,wittenlab,4836.000,5830.000,4582.000,-170.141,20.247,4137.224
391,dab512bd-a02d-4c1f-8dbc-9155a163efc0,danlab,4405.000,7675.000,4701.000,180.000,9.222,4382.768
392,800e8e76-dc93-4e52-ae8d-e35ad26daefe,wittenlab,4939.000,5876.000,5419.000,-171.366,19.456,4978.396
393,ccb501d1-a4fa-41c6-819e-54aaf74d439d,danlab,5254.000,7188.000,4389.000,157.036,13.458,4179.218
394,c0c3c95d-43c3-4e30-9ce7-0519d0473911,mrsicflogellab,1870.000,9330.000,5424.000,71.391,14.128,4561.573
395,64d04585-67e7-4320-baad-8d4589fd18f7,zadorlab,2518.000,8347.000,5471.000,64.839,12.496,4963.556
396,b825c7ec-12b3-44f8-92f4-0f5711380242,cortexlab,5171.000,4515.000,6821.000,21.340,7.592,5519.748
397,38981973-20de-44e5-8717-efcf88642502,zadorlab,6866.000,12270.000,7364.000,46.216,19.528,6089.534
398,5a2f99aa-d3f5-469d-882e-0a16ee869746,mainenlab,3572.000,4427.000,7113.000,35.123,13.373,6052.217
399,38124fca-a0ac-4b58-8e8b-84a2357850e6,mainenlab,5661.000,6763.000,4866.000,166.971,17.467,4681.542
400,724d890b-164d-4e0d-b550-06ea47077576,mainenlab,2472.000,7522.000,7594.000,6.785,10.325,7337.863
401,97415ee8-0b90-456c-83c2-05e7a398c06c,mrsicflogellab,4933.000,9440.000,4124.000,-177.871,8.964,3693.851
402,1ff5ce1f-5500-444b-ad5f-70f90dd22ac3,danlab,2964.000,7326.000,5589.000,177.978,9.209,4623.630
403,dc7e9403-19f7-409f-9240-05ee57cb7aea,mainenlab,2539.000,6313.000,7169.000,7.992,11.482,6779.642
404,1a6a17cc-ba8c-4d79-bf20-cc897c9500dc,angelakilab,2214.000,5199.000,5967.000,65.003,11.578,4253.527
405,dce4e63f-7ece-4dae-bd6e-5b116c2fbe37,mainenlab,6715.000,11130.000,5674.000,-26.241,20.766,4276.723
406,1a276285-8b0e-4cc9-9f0a-a3a002978724,cortexlab,2682.000,4734.000,5875.000,-39.094,2.374,4453.951
407,86553ccc-2e51-4cfb-a8e6-80da6860c8d9,wittenlab,7688.000,12425.000,6821.000,26.007,6.531,5003.712
408,f211d54e-e7eb-4188-bdcd-faa9c4317e9e,zadorlab,2840.000,5502.000,6732.000,74.923,7.315,5426.012
409,e0f608e6-b01d-4d66-a8f9-033a55bac619,angelakilab,4675.000,5836.000,6743.000,6.120,7.620,6071.288
410,f2ee886d-5b9c-4d06-a9be-ee7ae8381114,churchlandlab,4348.000,8679.000,4230.000,129.482,24.624,4075.534
411,64aadf54-d662-4934-8c08-cad14ee5b69f,mainenlab,7165.000,11937.000,5154.000,166.187,15.753,4420.204
412,4d3be0ae-3225-472b-9dc7-774817c6a7b9,danlab,3877.000,8190.000,4705.000,163.703,9.279,4260.270
413,cde1bff5-9519-4bc0-9a21-6b9c40de1085,hoferlab,5630.000,7729.000,4418.000,171.352,15.348,4347.954
414,7d999a68-0215-4e45-8e6c-879c6ca2b771,mainenlab,4117.000,7094.000,4094.000,-156.105,11.806,3697.201
415,fb0de39b-c750-4adc-af18-12bf8a22ed41,danlab,2678.000,9701.000,5323.000,19.152,9.283,4735.070
416,9f526c8a-8d00-435f-b167-241921b318f9,hoferlab,3325.000,7176.000,6912.000,52.132,10.161,6539.561
417,5df09eb0-47cb-4554-bc7a-2e91995b7b07,churchlandlab,3380.000,5109.000,6780.000,42.654,13.490,5815.182
418,180d278e-1a49-42da-a624-24aa14b57a4e,zadorlab,5515.000,7939.000,3849.000,174.894,11.060,3743.211
419,82765a73-2a03-42ca-ba98-194247caa62e,cortexlab,3581.000,8038.000,5345.000,134.107,4.866,4887.164
420,f7c49002-6565-4314-83f7-19b9a16d8e61,wittenlab,4865.000,3764.000,5966.000,113.675,12.540,4472.886
421,f9656eee-141c-453d-a016-4aba68f674dc,churchlandlab,2070.000,6914.000,6778.000,-51.595,5.735,5932.957
422,0eb65305-bb95-4bf1-a154-1b810c0cff25,churchlandlab,3682.000,7440.000,4682.000,-170.108,19.085,4028.640
423,bf96f6d6-4726-4cfa-804a-bca8f9262721,angelakilab,4349.000,8130.000,5248.000,164.139,10.965,4912.821
424,bc2f8bde-9498-41d7-b9db-83bd05cd34ba,wittenlab,7554.000,11370.000,6501.000,-16.315,10.755,4861.442
425,0c9ee229-2a3d-45ae-b277-87e9da0cf41f,wittenlab,4433.000,3768.000,5968.000,108.078,13.154,4357.273
426,5f7766ce-8e2e-410c-9195-6bf089fea4fd,angelakilab,2673.000,10843.000,5412.000,58.880,6.038,3254.687
427,9e979599-11e1-4372-96fc-e80520f3e668,zadorlab,6828.000,12280.000,7173.000,51.155,18.233,5972.809
428,f4bd76a6-66c9-41f3-9311-6962315f8fc8,mainenlab,4345.000,7711.000,4645.000,144.936,14.306,4303.609
429,7dcd74a9-fc7a-4c3c-85b9-769d869629ec,angelakilab,3745.000,6268.000,4654.000,138.209,9.843,3885.893
430,99086aba-f671-42b5-bdc0-e665c61f5452,zadorlab,5280.000,8713.000,4055.000,137.035,19.275,4057.428
431,5b489aee-75e8-42af-aca6-3026d9a54c2d,wittenlab,4048.000,10439.000,5859.000,164.692,14.474,4760.434
432,aeb06797-fddf-4ad2-b0ef-dd1b0f54d034,angelakilab,4211.000,9694.000,6336.000,19.879,19.687,6278.491
433,81b1800e-f138-4337-abc9-bb0449b77852,zadorlab,5923.000,8370.000,4514.000,173.956,11.761,4432.549
434,57acb665-9a6d-4240-ab39-41013bdf7098,churchlandlab,3285.000,8130.000,6522.000,69.400,10.961,6209.938
435,188fe7d5-fd1c-494f-88bc-672d77b9779e,churchlandlab,5253.000,7306.000,4086.000,143.998,21.684,3939.756
436,7c11adc6-adbd-484f-8ae9-13946285e3f8,angelakilab,8058.000,11077.000,7079.000,14.333,9.274,5070.030
437,b04d8a51-4f06-45bf-bd58-2915eb0c4668,wittenlab,5315.000,11392.000,6785.000,-8.109,14.479,5897.423
438,e4632651-5ba7-48a7-86db-5298b45a5bac,angelakilab,4963.000,10213.000,5581.000,-148.465,10.926,4410.626
439,962ca9c6-cd30-44b5-9153-465e821be684,angelakilab,4094.000,10139.000,6835.000,15.663,17.120,5843.654
440,0a0184b3-9e1a-4c36-98f4-00ae3beb8f01,cortexlab,1891.000,9327.000,5519.000,13.022,4.540,4332.756
441,cde137a5-7a93-4968-ab61-5aedbd9ce3fb,danlab,4505.000,10703.000,6792.000,13.442,19.210,5921.213
442,0e2c1e20-5b81-4104-b1ee-325bb0e1a781,wittenlab,7232.000,11395.000,5482.000,-155.259,8.533,4506.806
443,79fbd14b-bfad-4b28-90a9-3019bf72336f,angelakilab,2861.000,6170.000,5333.000,140.079,13.682,3919.296
444,487cc97e-f2c5-44f2-94ea-fbce30c65c84,angelakilab,3160.000,4002.000,6755.000,147.725,14.196,4027.619
445,88e1154c-bd92-446d-bd6d-550062666223,wittenlab,1650.000,6682.000,5026.000,69.692,7.159,3478.166
446,5a5a2320-3b0d-485d-aba2-dc96357e00d8,wittenlab,4091.000,6279.000,4194.000,118.646,5.476,3635.813
447,bd9d5846-759e-4dc9-951a-d163a04d56b4,hoferlab,6077.000,3453.000,5971.000,133.170,15.574,4278.018
448,1ef94d02-d51a-491f-a313-1bb5238d6b8b,danlab,3588.000,4493.000,7045.000,36.982,11.989,5949.887
449,eb0baec1-4ca1-4b31-b03c-69335de3a7e3,mrsicflogellab,4171.000,4622.000,6132.000,41.741,9.261,5124.035
450,00a824c0-e060-495f-9ebc-79c82fef4c67,churchlandlab,5122.000,8680.000,3720.000,158.796,12.649,3581.763
451,7791ee46-5c13-4d1b-8518-5602dcb8666b,churchlandlab,3561.000,9594.000,5673.000,47.122,7.165,5339.339
452,aba2f956-4f9e-4551-8630-4d4d9c39c4dc,churchlandlab,3564.000,11537.000,4878.000,63.034,82.913,10358.224
453,64101a8a-fa35-422d-b28f-0d81c85c146f,zadorlab,4616.000,11784.000,5243.000,179.319,11.352,4021.290
454,81a1cbae-60b6-4013-9511-1bf3855387a2,wittenlab,6683.000,11438.000,7138.000,22.174,9.286,5966.637
455,79b2e46e-e2ee-446e-b875-9aff03ef52d2,zadorlab,4925.000,4799.000,4503.000,164.973,22.787,3474.368
456,58b271d5-f728-4de8-b2ae-51908931247c,mrsicflogellab,8164.000,12541.000,5052.000,175.126,17.931,3470.154
457,4c04120d-523a-4795-ba8f-49dbb8d9f63a,zadorlab,7146.000,8564.000,3409.000,59.616,24.405,3276.424
458,461ecb39-ab58-4a6c-acd7-22da5b4b4b22,churchlandlab,3150.000,8634.000,6624.000,22.503,7.810,6357.629
459,8d59da25-3a9c-44be-8b1a-e27cdd39ca34,churchlandlab,3912.000,7324.000,4077.000,180.000,7.911,3636.520
460,6d24683c-da42-4610-baf0-7ceee7014394,danlab,6923.000,7049.000,4752.000,-0.051,14.926,4374.830
461,da17779f-7728-4c51-8b54-b88764c0908d,angelakilab,1466.000,5926.000,5340.000,55.404,13.721,3592.519
462,291fcd13-b629-49c0-baf8-57ed1351050e,mrsicflogellab,6106.000,11853.000,5455.000,37.565,18.305,4192.273
463,0925fb1b-cf83-4f55-bfb7-aa52f993a404,danlab,4473.000,10407.000,6101.000,176.449,20.988,4820.479
464,4037a618-e6ba-4142-a6d2-3e32ef25fd1b,wittenlab,6706.000,12079.000,7332.000,18.701,11.268,6048.380
465,ffb1b072-2de7-44a4-8115-5799b9866382,mrsicflogellab,5876.000,12521.000,7147.000,13.747,18.864,5808.537
466,1e176f17-d00f-49bb-87ff-26d237b525f1,angelakilab,4068.000,7880.000,4926.000,137.924,13.948,4508.940
467,fe380793-8035-414e-b000-09bfe5ece92a,zadorlab,1218.000,7603.000,5123.000,46.902,14.309,3893.716
468,ad7d5c25-7f74-4812-91ef-060a86911421,angelakilab,4812.000,3424.000,5976.000,-153.674,10.905,4711.153
469,ce397420-3cd2-4a55-8fd1-5e28321981f4,mrsicflogellab,4578.000,7757.000,4623.000,152.702,15.599,4332.935
470,decc8d40-cf74-4263-ae9d-a0cc68b47e86,angelakilab,4210.000,4936.000,4463.000,44.561,6.055,3532.603
471,b33e4298-a735-4781-8dea-d7203b4137fb,hoferlab,5101.000,5898.000,6410.000,12.924,16.065,6020.206
472,f03b61b4-6b13-479d-940f-d1608eb275cc,mainenlab,4497.000,7773.000,4670.000,160.047,15.022,4343.767
473,b73ef9cf-462c-4de3-ae61-5907790ebd0e,hoferlab,2957.000,8829.000,5611.000,43.616,6.665,5170.580
474,3fd2d2b3-9415-4b6e-b392-40427fb1c388,hoferlab,3677.000,4450.000,6494.000,77.711,10.265,5075.643
475,2a7caaa4-1710-49a1-ade4-db0a986ae6f5,hoferlab,5233.000,4155.000,5234.000,149.428,18.543,4017.870
476,b45c8f3f-6361-41df-9bc1-9df98b3d30e6,zadorlab,3377.000,9063.000,5484.000,46.733,11.663,5319.119
477,e3ce9c72-2a4f-4607-95d3-ea7e886082b8,churchlandlab,3134.000,9130.000,4963.000,164.927,17.553,3894.000
478,76c5c1a1-3617-4727-9f75-d975c9a08203,wittenlab,7230.000,11396.000,5461.000,-155.223,8.542,4485.616
479,3a37fb5c-3e96-4a0e-ac63-2eeec6744588,mrsicflogellab,7204.000,12838.000,5358.000,149.972,16.946,4373.264
480,85bdeae3-269b-4e39-bd9b-2b0d95aff2fa,angelakilab,1641.000,9558.000,5471.000,37.619,10.719,4474.356
481,a1b87882-4a77-403f-9f48-4615e7662d56,cortexlab,5140.000,7705.000,5915.000,27.151,10.558,5737.109
482,3ccb2d59-9e94-48e6-9e72-0b7b96bd3f9b,mrsicflogellab,6545.000,12480.000,7265.000,5.268,17.609,5575.792
483,94e948c1-f7be-4868-893a-f7cd2df3313e,churchlandlab_ucla,4479.000,8354.000,5236.000,179.763,11.783,4914.688
484,54c8f5de-83d7-49b9-9b4c-67fe0f07289b,zadorlab,2897.000,8634.000,4654.000,-172.303,10.656,3667.089
485,b78b3c42-eee5-47c6-9717-743b78c0b721,mainenlab,3473.000,8995.000,4806.000,164.634,15.998,4036.962
486,3e7618b8-34ca-4e48-ba3a-0e0f88a43131,mrsicflogellab,3403.000,7313.000,4818.000,163.065,21.441,3887.003
487,dc50c3de-5d84-4408-9725-22ae55b93522,mrsicflogellab,4404.000,7587.000,3747.000,178.919,10.213,3451.613
488,e45a00b1-14a0-4f5e-9ea5-9f76d042b11c,angelakilab,4442.000,7692.000,4306.000,153.631,16.127,3988.060
489,ef3d059a-59d5-4870-b355-563a8d7cfd2d,wittenlab,4065.000,8030.000,4399.000,135.638,9.248,4051.452
490,e070023a-2a5d-4398-ad66-f9ed5d517ad1,churchlandlab,6631.000,11784.000,6502.000,24.555,10.457,5416.527
491,3eb6e6e0-8a57-49d6-b7c9-f39d5834e682,mainenlab,7079.000,7281.000,4508.000,-23.353,11.984,4173.762
492,7a52b7d9-4161-472f-94fe-2183be029cfd,hoferlab,4563.000,6815.000,4008.000,41.906,8.844,3676.237
493,25e75514-43e1-4c07-9fea-581bd203b55c,mrsicflogellab,5975.000,13044.000,6456.000,10.746,20.338,4539.206
494,523f8301-4f56-4faf-ab33-a9ff11331118,mainenlab,4347.000,7754.000,4487.000,167.637,18.406,4123.363
495,8ac7e5d5-57a4-41c8-a35d-8195784bfe95,mainenlab,4855.000,6989.000,6690.000,12.484,12.868,6528.883
496,d06bdedb-e173-4fe5-a4f1-ab9ab53f9761,zadorlab,8337.000,11795.000,4740.000,145.525,12.015,3568.669
497,26118c10-35dd-4ab1-9f0f-b9a89a1da070,danlab,4846.000,5383.000,4849.000,159.137,20.509,3976.067
498,b8df4cc3-e973-4267-8cf8-a55cea77e1ac,zadorlab,3274.000,8108.000,6763.000,77.072,9.109,6367.828
499,6efc58a4-e1cd-4eca-9205-7e4898cc1f8b,hoferlab,6194.000,4751.000,4858.000,148.488,25.078,4066.374
500,5d9a5895-0f28-416c-a6d6-3e781658ea57,mrsicflogellab,8785.000,12450.000,4250.000,180.000,5.815,1935.343
501,4364cabe-a27c-4bd5-b398-1d068aca47cf,zadorlab,4524.000,8075.000,3554.000,140.907,17.953,3341.621
502,1bf5c05b-3654-4d5c-bac9-2b96edd12adf,mainenlab,5578.000,4215.000,5691.000,146.112,13.325,4589.084
503,d1af1003-247b-4f76-988f-d55cbb72aa80,danlab,4216.000,4936.000,7184.000,59.261,9.305,6190.115
504,b53cc868-008a-4d20-a33a-ea3101be2d34,hoferlab,4548.000,6892.000,3850.000,166.778,15.807,3481.739
505,5b317361-269c-4a47-83f3-3503ac634303,danlab,4223.000,8650.000,5211.000,-180.000,18.182,4721.588
506,5c63d860-1e3c-481b-a290-9f299a5421f5,mrsicflogellab,4621.000,8801.000,4305.000,3.128,9.693,3986.433
507,36362f75-96d8-4ed4-a728-5e72284d0995,mainenlab,4799.000,7665.000,5143.000,173.146,16.518,4869.175
508,091392a5-73f6-40f3-8552-fa917cf96deb,danlab,5047.000,6923.000,5159.000,41.647,18.788,4894.994
509,664de6d9-bba2-424b-b76c-bb61900c015f,mainenlab,2478.000,5530.000,6682.000,-16.271,10.818,6090.149
510,b8dbd3af-a589-41e4-878c-3372eaa1a8f6,mainenlab,3894.000,5803.000,6191.000,37.095,10.837,5539.738
511,5c278ffe-6452-4c36-b17f-2050c74e13b1,danlab,3395.000,6588.000,6619.000,100.497,5.083,5892.140
512,179ce6d0-e348-4257-b718-e58dd4134589,zadorlab,5375.000,9776.000,6379.000,34.287,13.215,6218.810
513,071f02e7-752a-4094-af79-8dd764e9d85d,mainenlab,4545.000,7285.000,4580.000,151.283,11.112,4234.778
514,8f2e16c4-893b-4f8f-bfb2-94fa452710ec,mainenlab,3652.000,7976.000,3674.000,34.096,12.219,3503.634
515,d978fe7f-3225-4804-8be5-6c90bba157e7,churchlandlab,4583.000,4895.000,4833.000,178.688,12.858,3855.009
516,b375a0ee-4c5a-4a53-9cea-d753f206e5c5,danlab,5310.000,5893.000,3612.000,148.172,18.650,3072.942
517,17f738d1-b16d-4cd3-8c52-77b08ad2e37f,wittenlab,4805.000,4970.000,6677.000,40.495,18.290,5742.444
518,0fed7207-f747-428b-b4c0-854cabb50d9e,wittenlab,5419.000,7957.000,4024.000,141.261,13.107,3926.113
519,d7361c6f-6751-4b5f-91c2-fdd61f988aa4,churchlandlab_ucla,5374.000,7888.000,5350.000,117.944,12.429,5197.249
520,e7b5df15-41be-439c-99e9-be40b2444cdb,angelakilab,4005.000,7665.000,6618.000,82.244,14.916,6331.414
521,6638cfb3-3831-4fc2-9327-194b76cf22e1,hoferlab,5521.000,2152.000,5071.000,167.466,16.127,2936.599
522,a44b9eb8-6c6f-497d-82c0-a666b99b4bff,wittenlab,5629.000,8564.000,4881.000,158.140,22.816,4942.773
523,341ef9bb-25f9-4eeb-8f1d-bdd054b22ba8,churchlandlab,4006.000,8442.000,4463.000,166.482,14.887,4022.857
524,8f4fd564-7e34-4113-a6e4-ae40faa64f7a,mainenlab,5233.000,5227.000,4968.000,130.634,22.452,4076.618
525,ac680ec5-6f89-4739-9848-9d76fc0e017f,churchlandlab,5133.000,9278.000,4719.000,-159.099,13.200,4256.005
526,d06f4b61-42c1-4a8d-a2a5-c1cf8f7d0e47,danlab,3827.000,10640.000,6070.000,99.132,8.550,5379.481
527,531423f6-d36d-472b-8234-c8f7b8293f79,churchlandlab,4604.000,7887.000,4660.000,157.547,16.946,4374.900
528,a6f9e4d5-5f20-4a98-9118-22187f4d230b,mainenlab,4924.000,6184.000,4543.000,164.093,15.460,4090.918
529,8fbfa285-d721-4a1a-8c18-f36652c17909,churchlandlab,3397.000,7700.000,4425.000,180.000,7.685,3834.375
530,f142d2c6-6d85-4e9d-9c56-07620486e068,wittenlab,1870.000,6864.000,6023.000,29.294,7.863,5070.568
531,4eeb32fd-6f12-4a9e-8101-8e1caa32dc8f,mainenlab,4741.000,7780.000,5063.000,146.368,12.618,4804.091
532,5e84c8e7-236f-4a64-a944-dc4a17c64f1d,churchlandlab,3849.000,6606.000,6892.000,41.563,12.418,6468.047
533,43d4f889-4b05-44df-8306-ea10f854776f,churchlandlab,5935.000,7642.000,4251.000,131.152,23.051,4212.300
534,04c9890f-2276-4c20-854f-305ff5c9b6cf,mrsicflogellab,5163.000,11764.000,7003.000,43.952,12.585,6073.584
535,d213e786-4b1c-477d-a710-766d69fa1ac1,angelakilab,3725.000,9312.000,3947.000,131.923,13.710,3470.890
536,bae9adba-8064-4f42-a7c5-57173c6f4c51,wittenlab,7345.000,11650.000,6957.000,-20.106,11.207,5232.107
537,49ad86ad-a4b4-401d-9553-7763ef4f6b74,wittenlab,7345.000,11650.000,6957.000,-20.106,11.207,5232.107
538,c4b5a9fa-10cb-4195-9c17-15b6a1f77f9a,angelakilab,3046.000,5298.000,6071.000,92.585,13.116,4513.631
539,9117969a-3f0d-478b-ad75-98263e3bfacf,danlab,4523.000,7550.000,4628.000,180.000,11.196,4335.384
540,f3e925a4-048d-46c9-ba15-c244f4e0a09a,zadorlab,2513.000,8930.000,6455.000,43.312,6.073,5863.391
541,b910cbe2-0c68-40b2-b9f1-268e7c28320a,danlab,4889.000,5489.000,6732.000,45.094,13.239,5632.106
542,0851db85-2889-4070-ac18-a40e8ebd96ba,wittenlab,4504.000,7628.000,3518.000,175.713,12.566,3245.743
543,9793c99d-f918-4931-8bba-fdb978bd8e0a,angelakilab,4378.000,9526.000,6593.000,22.451,14.851,5372.096
544,6e1379e8-3af0-4fc5-8ba8-37d3bb02226b,angelakilab,4141.000,7707.000,4447.000,157.053,10.249,4062.284
545,cee40c88-e460-4724-ae88-2977c5439b05,zadorlab,4291.000,5238.000,4802.000,160.846,20.662,3689.632
546,73ff4936-8cd3-4a75-a772-f563e67d249d,angelakilab,4763.000,5427.000,5522.000,147.037,12.031,4649.392
547,9bd71ac6-c455-41f3-8c56-59987a649ac4,zadorlab,5210.000,3031.000,5539.000,154.831,13.206,3917.977
548,c5fd185f-1c5a-4aad-9795-43c4ccf8ea94,churchlandlab,4220.000,11767.000,5636.000,154.004,22.256,4171.425
549,af1e9dee-8c26-4b2b-ac43-358221048797,mainenlab,4585.000,5997.000,6278.000,24.669,19.610,5868.595
550,df07180e-268e-489c-826e-40cb6f63d3a5,churchlandlab,4683.000,8557.000,4369.000,165.669,14.599,4126.934
551,df6012d0-d921-4d0a-af2a-2a91030d0f42,mrsicflogellab,4774.000,11411.000,7089.000,31.622,12.778,5987.347
552,b939cc85-6028-404a-995d-28c8405a07db,danlab,4840.000,9766.000,4404.000,164.219,11.582,3959.239
553,fc62e0cf-4f8e-4599-97fc-627b6adebfe9,zadorlab,3791.000,10178.000,5037.000,150.871,18.158,4170.065
554,2564dc27-4eda-4fc3-a151-c13475796ee1,churchlandlab,5770.000,5346.000,4772.000,141.848,19.173,4046.699
555,43436b4b-0431-407f-b83d-d657ec22b5c6,zadorlab,4944.000,9792.000,4102.000,150.300,20.107,3915.549
556,b88bef14-62a9-4294-ac3e-4e45b9bce3d9,zadorlab,2486.000,4754.000,6329.000,32.316,13.059,4931.341
557,94af9073-0914-4323-a90a-5eea1ef5f92c,churchlandlab_ucla,5288.000,6146.000,5987.000,172.850,7.945,5565.600
558,9f99bd34-40d4-4aac-ae2b-7bc7f7086ccb,churchlandlab,4978.000,3347.000,5041.000,135.181,24.577,3316.494
559,c1229ef6-4fb4-4a1d-91f8-51baeaf9180f,mainenlab,2554.000,7240.000,6514.000,44.450,4.440,5806.509
560,10fb6de3-bc11-44d7-a132-0b5db29802b8,churchlandlab,3565.000,8959.000,4250.000,166.941,18.863,3539.690
561,0ece5c6a-7d1e-4365-893d-ac1cc04f1d7b,churchlandlab,5494.000,11893.000,6950.000,24.773,12.889,6078.040
562,89606895-287e-4559-8536-9830b047af34,angelakilab,6019.000,12989.000,6183.000,19.911,17.840,4446.365
563,92564b0d-7b57-45e1-8ec5-41f95340995e,wittenlab,5881.000,7712.000,4434.000,146.329,16.406,4387.636
564,c9664185-d3fd-4e0e-89cf-77c402038938,zadorlab,2455.000,9927.000,4884.000,32.894,8.441,4002.156
565,869bac48-ad1b-46b8-be00-cf6b26aea40e,mrsicflogellab,7234.000,12384.000,5577.000,158.162,14.542,4650.857
566,eb82b081-4edc-4d6a-89ee-3453d1c4c8f0,wittenlab,5998.000,8239.000,4383.000,147.794,18.237,4430.937
567,082187a0-121f-47d5-962a-a9ad467e7124,cortexlab,4537.000,5113.000,7175.000,-47.294,3.742,6513.550
568,9461e090-fdae-426d-9a36-7348164b771a,churchlandlab,4548.000,9284.000,4858.000,-179.307,17.863,4394.621
569,b5d52500-0145-4481-8f9a-c69daa9ebdb8,angelakilab,4030.000,4382.000,7358.000,-57.638,5.591,6513.703
570,76f16631-cbf7-4883-9437-4e8d8c4f34a3,angelakilab,8056.000,11987.000,6980.000,15.421,9.237,4969.320
571,3b729602-20d5-4be8-a10e-24bde8fc3092,angelakilab,3560.000,6618.000,4688.000,141.894,5.608,4032.356
572,1a60a6e1-da99-4d4e-a734-39b1d4544fad,angelakilab,4295.000,7419.000,4315.000,-179.578,12.413,3932.006
573,6a098711-5423-4072-8909-7cff0e2d4531,mrsicflogellab,5982.000,11397.000,5640.000,27.487,17.992,4536.564
574,4bc345eb-72e9-4dbc-9ff9-ead5b7d08b18,zadorlab,2066.000,9486.000,5055.000,55.697,10.505,4225.777
575,7cbecb3f-6a8a-48e5-a3be-8f7a762b5a04,angelakilab,3830.000,8969.000,5224.000,117.576,12.318,4861.154
576,2d544e7f-c8af-46b5-aaa0-caf0ad4d63a1,mainenlab,8209.000,11705.000,5381.000,178.324,13.575,4301.521
577,67c4b72e-e0e5-4841-9e95-a6220d00615e,hoferlab,5435.000,5459.000,4620.000,139.911,18.028,3886.294
578,c07d13ed-e387-4457-8e33-1d16aed3fd92,churchlandlab_ucla,4289.000,7650.000,4945.000,-180.000,9.900,4588.244
579,d151b391-e6e4-4daf-bd9c-191f4ad837b4,hoferlab,5039.000,7323.000,3990.000,172.882,18.336,3808.220
580,e3ecccd2-29de-49f5-bd06-54fc7567c90a,mainenlab,2606.000,8074.000,6948.000,21.950,12.108,6773.396
581,0909252c-3ad0-413f-96f5-7eff885b50aa,angelakilab,3913.000,10421.000,6621.000,34.753,10.115,5455.915
582,c410fda5-a6db-4697-a7e3-6ed65601844d,angelakilab,4955.000,10355.000,5014.000,163.363,15.748,4248.473
583,47be9ae4-290f-46ab-b047-952bc3a1a509,angelakilab,2685.000,7330.000,7445.000,61.698,10.901,6843.144
584,9edc5d65-cb26-475c-8544-e6d1dacae41d,mainenlab,5840.000,2761.000,5667.000,151.331,16.129,3843.310
585,a4d9d9d5-6ea3-4234-aa28-e064e83626fa,danlab,3944.000,8576.000,4601.000,179.859,6.440,4177.673
586,7587e3bb-dd11-4853-b48b-feab0b56ae05,angelakilab,3904.000,11346.000,6407.000,25.520,14.082,5445.200
587,53b58cc3-8d88-4257-aa63-48da088f2091,churchlandlab,3426.000,6643.000,7236.000,45.129,10.444,6773.254
588,f1c3cf0a-f3ad-479b-8dd2-7d60ab6d03ff,wittenlab,7997.000,11986.000,6431.000,132.151,14.292,5114.333
589,f936a701-5f8a-4aa1-b7a9-9f8b5b69bc7c,churchlandlab,4115.000,7733.000,3946.000,174.186,9.028,3564.757
590,2400a2fa-0335-480b-ac8d-a478171f3a55,danlab,4545.000,9453.000,4751.000,178.634,15.933,4264.616
591,491540f7-7878-410f-894e-7ac4766b5105,zadorlab,4812.000,10222.000,4079.000,148.253,20.035,3729.879
592,b1df5dba-f281-4d3c-b3cc-48318ac96ee2,mainenlab,5329.000,5252.000,4866.000,165.115,17.882,4140.673
593,5a9f8899-556a-43ea-892d-5e35b969ff38,churchlandlab,2582.000,7484.000,7159.000,0.470,9.157,6871.546
594,a12c8ae8-d5ad-4d15-b805-436ad23e5ad1,wittenlab,4468.000,7716.000,4265.000,149.758,14.255,3962.299
595,e6508b9a-9dec-47d7-88c7-b0a72c7d1134,zadorlab,4812.000,11443.000,5421.000,159.869,13.374,4313.419
596,d8ccc6bb-f0d9-494a-b682-f12c73e228c6,wittenlab,3180.000,6190.000,5130.000,149.769,7.362,4113.952
597,920865d3-1581-4e81-bd63-ab2186024564,zadorlab,4084.000,4743.000,5072.000,168.652,19.559,3684.473
598,79f44ba1-c931-4346-82eb-f628a9374045,zadorlab,4593.000,6098.000,4279.000,170.359,15.982,3749.394
599,5fd00035-89d6-4e7c-bb26-f103388b731d,churchlandlab,6091.000,3846.000,5797.000,49.612,12.762,4431.280
600,be95fb3b-d607-409a-968e-98a3e9bcb577,mainenlab,4551.000,3533.000,6642.000,30.370,20.537,5116.980
601,94761f31-0dfc-4f67-87ef-6d1ac7f95144,wittenlab,4680.000,7767.000,3816.000,-179.368,11.735,3591.305
602,7441d0df-ef9b-419b-ae4d-b9bd7c2f17cb,angelakilab,8873.000,12551.000,4296.000,89.461,6.119,1882.068
603,c16b8e98-100f-40ce-b417-b1524c7e1270,danlab,3164.000,8982.000,5389.000,178.338,15.066,4286.255
604,f31bef35-3f56-4ca9-a34f-09d678f03039,wittenlab,5780.000,8225.000,3225.000,9.174,11.630,3113.914
605,ece878b9-830d-4618-b801-ad0e7d8e7085,zadorlab,2956.000,8881.000,4896.000,-173.994,9.729,3902.168
606,4b93a168-0f3b-4124-88fa-a57046ca70e1,mrsicflogellab,4225.000,8241.000,4549.000,161.461,16.360,4167.913
607,7d1a2cb6-f482-4059-b596-53087caac8ec,mainenlab,5566.000,8136.000,4240.000,168.769,16.822,4194.485
608,acf04c3f-650a-4de0-b0d0-edf695dd2025,churchlandlab,5615.000,3696.000,4762.000,156.000,24.537,3530.864
609,f4ff3ff8-19b7-40c7-bf6f-8b577b811ed1,churchlandlab,3262.000,5655.000,7233.000,3.450,7.914,6645.948
610,898f8971-31e9-4fdb-b66e-2ae6d3a33a5b,danlab,5586.000,5361.000,4415.000,156.156,21.221,3743.792
611,d8dae4d0-e11d-4b4d-8bd9-103c13491eb7,zadorlab,5439.000,7501.000,4395.000,144.251,15.874,4231.007
612,5458cb27-d065-4626-bcd8-1aa775e1115e,churchlandlab,5207.000,3951.000,4970.000,32.886,18.008,3727.482
613,bf591043-03c2-48bb-9197-e17e85aaeb8f,churchlandlab,4168.000,5800.000,4948.000,155.860,13.844,4091.669
614,7909c0aa-c074-4e19-aabf-b8167c682a5b,mrsicflogellab,3161.000,9897.000,6264.000,67.109,16.033,6179.177
615,04690e35-ab38-41db-982c-50cbdf8d0dd1,churchlandlab,3152.000,7415.000,7257.000,8.161,8.075,7001.142
616,b46e219c-6a87-4a93-9924-1070841381e9,churchlandlab,4030.000,6628.000,4440.000,171.252,15.840,3810.133
617,fd555d39-b728-44aa-90d2-796b8bb58300,churchlandlab,2779.000,6021.000,7565.000,31.690,18.423,7051.608
618,f86e9571-63ff-4116-9c40-aa44d57d2da9,churchlandlab,4453.000,8122.000,4664.000,151.896,14.663,4381.272
619,31f0400a-71f5-436c-ada4-dce50627dc73,mainenlab,2453.000,7457.000,6745.000,18.639,19.017,6790.930
620,bbf6a51e-2999-4982-803f-8769db095dd2,mainenlab,5750.000,10541.000,4796.000,175.730,18.614,3847.052
621,5b9ce60c-dcc9-4789-b2ff-29d873829fa5,hoferlab,2549.000,8488.000,5894.000,58.051,12.099,5465.173
622,4994543f-20e8-4421-adca-8739984e07ad,zadorlab,3549.000,8122.000,6530.000,71.486,14.501,6305.921
623,cb1c4327-5f5e-4286-85ed-840c85e82792,mrsicflogellab,6742.000,12750.000,7374.000,42.184,11.374,6043.126
624,0f682180-4e80-46e9-86ac-8292bdf40400,angelakilab,4290.000,7095.000,3685.000,112.984,15.506,3330.958
625,84bb830f-b9ff-4e6b-9296-f458fb41d160,mainenlab,4210.000,7624.000,4462.000,158.846,17.963,4033.795
626,19e0bf1e-018e-40cb-9acd-af8f0f66bd4a,danlab,6545.000,9025.000,4707.000,-0.000,10.529,4406.442
627,eeb27b45-5b85-4e5c-b6ff-f639ca5687de,churchlandlab,3995.000,7619.000,3838.000,151.437,14.940,3402.613
628,d585f4b5-d154-4666-92c4-eb219f1e0f02,churchlandlab,6819.000,7900.000,4124.000,29.049,14.634,3874.275
629,f9180954-7292-47c0-b60f-fe1a3666be35,angelakilab,3356.000,5530.000,5680.000,169.360,12.498,4332.876
630,bb7a5967-56ae-4193-920d-142710b4f07d,wittenlab,2211.000,6681.000,6513.000,48.073,9.041,5607.910
631,f06d6cd9-a6b8-49a4-90d1-7905d04c2f8b,mainenlab,4617.000,7500.000,4142.000,150.069,18.157,3859.139
632,fe6507ed-7725-467a-9d46-1101c32df1ca,mainenlab,4478.000,6828.000,6726.000,12.650,17.845,6672.290
633,8ca1a850-26ef-42be-8b28-c2e2d12f06d6,zadorlab,4326.000,7072.000,3984.000,169.046,17.008,3564.791
634,b76f24ea-95b1-4a0e-95eb-9c39b1283c40,danlab,4015.000,9037.000,4908.000,170.496,15.041,4357.642
635,9b61a1e8-1a63-48c2-8dc9-b544a3c1bdee,danlab,5385.000,4644.000,5315.000,152.308,24.366,4270.777
636,0143d3fe-79c2-4922-8332-62c3e4e0ba85,mrsicflogellab,3513.000,8916.000,4895.000,5.245,10.793,4703.131
637,44fc463b-405f-4048-9242-ac018b9f50f7,danlab,4252.000,7372.000,4483.000,153.062,16.522,4050.258
638,eb04cc7c-7c10-4e7f-8593-9c3b9b6986f5,hoferlab,4427.000,5915.000,6410.000,9.689,17.952,6081.413
639,45c49ba2-a113-4446-9c6d-9b049c1f9f74,churchlandlab,3132.000,6899.000,6950.000,43.010,11.010,6545.382
640,6aa08c75-8ee5-457d-9794-b89ee1c4453f,danlab,4505.000,8231.000,4411.000,177.768,11.288,4115.317
641,7be00744-2e27-4062-8f56-3969e24e9990,mainenlab,3952.000,7149.000,4063.000,166.040,17.182,3493.533
642,9373cd09-a591-42be-9343-ed6f06b7056d,danlab,3450.000,10891.000,6277.000,170.568,14.307,4103.998
643,a226c68d-55d8-4b53-9596-7c88a3ffa259,mrsicflogellab,3070.000,7809.000,4724.000,11.004,6.965,4355.752
644,57c5856a-c7bd-4d0f-87c6-37005b1484aa,wittenlab,6331.000,11586.000,6778.000,20.275,11.283,5687.757
645,769b42dc-acf3-4079-b09e-ec979568d297,wittenlab,3995.000,9149.000,4369.000,-179.863,6.192,3891.414
646,72f89097-4836-4b67-a47a-edb3285a6e83,wittenlab,4631.000,6881.000,4807.000,179.625,12.764,4441.260
647,0393f34c-a2bd-4c01-99c9-f6b4ec6e786d,churchlandlab,4609.000,8305.000,4522.000,153.599,15.494,4277.247
648,4762e8ed-4d94-4fd7-9522-e927f5ffca74,churchlandlab,2424.000,8919.000,6442.000,39.788,11.495,6088.945
649,d258bca2-bf18-4491-8d57-5322f705caec,danlab,4783.000,4363.000,5293.000,149.460,22.543,3917.786
650,50ebb677-e4a3-4421-b74f-1997a9cd1ad1,mrsicflogellab,4878.000,8063.000,5838.000,5.191,17.775,5946.756
651,79628a45-c2e3-4206-97df-4c91edaff90f,churchlandlab,4343.000,4889.000,5289.000,177.434,11.854,4229.182
652,2d2cdf86-4a0c-42d8-aed3-5b187f160013,churchlandlab,3191.000,4676.000,6069.000,0.117,7.312,4984.591
653,04c140d4-9782-4f85-8636-75c98ff6f326,churchlandlab,5543.000,7310.000,4094.000,141.289,20.808,3978.227
654,8169d556-f994-4735-b4c8-f7c85ddc39b0,churchlandlab,6648.000,8068.000,4330.000,8.485,16.072,4116.232
655,ae2b9f1b-ebe3-4b56-8957-31982186e6ec,churchlandlab,5224.000,5166.000,4768.000,136.888,18.437,3892.823
656,69f42a9c-095d-4a25-bca8-61a9869871d3,churchlandlab,4382.000,7998.000,4585.000,166.526,14.858,4252.492
657,ea931b15-6214-4b80-8d88-7acbbe071bc0,cortexlab,7123.000,8666.000,4283.000,-36.076,9.601,3912.990
658,c536b0a9-b710-43c3-ba2c-5a0cccf98ec2,churchlandlab,2183.000,7871.000,6965.000,26.066,11.361,6593.935
659,882a7322-d4f4-4170-bbc1-029f9c3be4f9,wittenlab,2519.000,6903.000,7296.000,78.348,8.133,6334.367
660,e31b4e39-e350-47a9-aca4-72496d99ff2a,mainenlab,4494.000,7659.000,5330.000,171.158,15.881,4969.197
661,41dc1107-fbcb-4174-a262-19928c355018,danlab,4107.000,6352.000,6096.000,47.898,4.823,5641.165
662,eab03c6e-bf98-48d2-8a0c-1887f34dd554,mainenlab,6077.000,6261.000,4659.000,169.642,19.120,4427.993
663,986fabf3-e366-4ce0-afa9-1b37c17eb730,wittenlab,5739.000,5400.000,332.000,0.000,0.000,0.000
664,11a5a93e-58a9-4ed0-995e-52279ec16b98,wittenlab,3942.000,7641.000,4507.000,137.578,10.877,4055.267
665,ef7e9f3e-a53a-4e00-8f6a-537667af2bea,angelakilab,1956.000,9904.000,5003.000,168.883,14.950,2591.210
666,8aba5f8c-4438-4588-9bb0-b20d2fd3eca5,wittenlab,5478.000,3525.000,4630.000,122.906,25.529,3108.499
667,1d1f11e4-fa84-43b4-9b89-f2ac777b8d96,wittenlab,4844.000,8110.000,6313.000,44.483,15.510,6188.330
668,eb99c2c8-e614-4240-931b-169bed23e9f5,danlab,3418.000,7623.000,4433.000,168.191,7.151,3838.012
669,583ffb83-85df-4ac7-ae79-ddb7f751fb45,zadorlab,3790.000,7846.000,4063.000,143.942,6.236,3659.182
670,dc1df924-2fc5-4f0e-b7f3-aeb41854ace5,cortexlab,7508.000,7487.000,5736.000,-22.087,10.309,5245.862
671,bdb3e4f0-35fa-4a05-82f4-75a885f2f83b,cortexlab,5803.000,8938.000,4053.000,-175.337,11.408,3752.537
672,2c7b7191-cb21-4f4e-ac8f-3345803337f7,cortexlab,6628.000,8545.000,4745.000,-33.199,6.640,4500.341
673,15065eaf-466f-4c5d-b4aa-a7fe4f94be62,cortexlab,5336.000,8364.000,4214.000,-177.300,10.463,4106.938
674,ae6da90c-0e3e-4cfb-bed1-1d57ce4d2480,cortexlab,6896.000,8113.000,4697.000,-27.619,8.001,4415.100
675,2adc4f5d-bc7b-42a4-be76-f5df33d713d4,cortexlab,2483.000,5669.000,6643.000,24.910,4.768,5537.253
676,1baf8347-6f43-4504-919a-883366e0e03a,cortexlab,5392.000,5477.000,6874.000,-20.177,10.302,6453.281
677,45e7731f-4a43-45d5-9029-c080150bc596,cortexlab,5769.000,4267.000,5371.000,37.584,16.008,4261.707
678,44fc10b1-ec82-4f88-afbf-10a6f8a1b5d8,cortexlab,4057.000,7964.000,4124.000,147.241,12.537,3738.470
679,c0c3bcca-6a79-47ef-becb-b1a157a3f2cb,cortexlab,6495.000,9234.000,5282.000,-25.485,1.413,4858.331
680,b721156e-7a7c-48ad-aadb-7fd2cd2ac40b,cortexlab,5018.000,10915.000,6692.000,10.962,19.081,5864.163
681,530f1670-9412-44ac-afdb-935d46bcaad3,cortexlab,6451.000,9072.000,4121.000,5.331,11.576,3875.245
682,aac3b928-e99a-4039-ace1-af45d0130d82,cortexlab,1745.000,7125.000,6502.000,-0.000,10.588,5876.905
683,df350b09-a420-42bb-9952-17862cbb9f1c,cortexlab,5047.000,3482.000,5972.000,135.729,10.290,4468.388
684,15a2a63f-739d-4eb0-ab8f-fc95b6299b68,cortexlab,5181.000,9530.000,6212.000,162.509,7.540,5837.461
685,46448da7-ad7b-4ca8-b3ab-2d1d47439cbf,cortexlab,6971.000,9031.000,5187.000,-64.948,2.225,4816.073
686,03fc9668-046c-445f-953a-ee9258520ea0,cortexlab,7782.000,12509.000,5810.000,135.903,13.021,4680.148
687,1f3d3fcb-f188-47a2-87e5-ac1db6cf393a,cortexlab,4479.000,8244.000,4081.000,161.928,15.725,3798.112
688,aab5be05-5c1c-4c08-9739-1274bc3bcf4f,cortexlab,3931.000,7915.000,6264.000,10.479,10.256,6188.254
689,f44d2056-644c-4769-a189-7efe67b0269d,cortexlab,4088.000,8100.000,5694.000,10.618,11.341,5629.135
690,b529f2d8-cdae-4d59-aba2-cbd1b5572e36,cortexlab,5168.000,12690.000,7296.000,3.879,13.299,5801.617
691,3017e4dc-2150-43ad-9b08-b95b48ba8dfa,cortexlab,3134.000,7404.000,7272.000,27.208,5.542,6879.137
692,625a7bc9-00cf-44f6-a508-3ed89d23ba3a,cortexlab,2375.000,9391.000,5617.000,162.211,11.507,3946.171
693,9657af01-50bd-4120-8303-416ad9e24a51,zadorlab,4529.000,8418.000,3625.000,131.530,27.316,3545.382
694,1eede5ef-3b4a-4897-8021-2d25a83ab209,zadorlab,8222.000,12632.000,4584.000,157.381,8.710,2689.558
695,9bca04fe-40bf-467a-8f85-b0521a0ba513,cortexlab,7455.000,11475.000,5448.000,180.000,11.928,4622.644
696,1a166c4f-4c53-422e-8473-b3cff85e6750,danlab,5221.000,8067.000,4000.000,171.050,11.169,3899.006
697,8ab470cc-de5a-4d65-92bd-9a25fbe6d07d,mainenlab,4678.000,8559.000,5140.000,152.754,17.762,4898.174
698,6728ddac-63ba-4e63-9884-395c7c16c7a3,mainenlab,5528.000,10568.000,5162.000,-169.797,16.468,4131.521
699,39883ded-f5a2-4f4f-a98e-fb138eb8433e,mainenlab,6125.000,11514.000,6865.000,-6.133,15.101,5790.199
700,f89a58d3-2492-4b54-ac46-2e96932483d5,mrsicflogellab,1193.000,9091.000,5390.000,65.330,14.866,4050.974
701,0e8d3cb3-2e4c-47a0-8bb4-65d2cc3161c6,danlab,5767.000,6212.000,4135.000,164.577,23.495,3882.314
702,1e104bf4-7a24-4624-a5b2-c2c8289c0de7,hoferlab,2553.000,8192.000,6557.000,77.596,6.681,5871.375
703,db2100c3-64ac-463e-97a1-20ce8266cd5f,wittenlab,5737.000,7669.000,5983.000,25.930,9.460,5836.899
704,a4ed0599-4a72-4afb-8fe9-d0d046aec6aa,angelakilab,2120.000,11045.000,4521.000,16.118,3.775,2451.634
705,b3065f45-7227-4099-9f8c-7e81e677d8cf,zadorlab,3283.000,11523.000,5141.000,5.041,7.865,3978.718
706,76de0e1a-30aa-4713-9fe5-25ad2dff653f,mrsicflogellab,4104.000,8281.000,5430.000,71.156,9.877,5283.592
707,ae03524f-e493-4077-99b1-588244de9a98,mainenlab,4572.000,7838.000,6274.000,17.631,13.775,6073.510
708,0b877123-0902-4432-b789-c4c6cc681df4,mainenlab,5915.000,7619.000,3998.000,163.854,15.444,3966.168
709,57acb640-4f64-4a89-bedf-69351a3aea75,danlab,4724.000,3517.000,6458.000,30.680,18.961,4925.322
710,ce0dc660-f19e-46a3-94f9-646bebae6805,angelakilab,1386.000,9787.000,5197.000,58.318,7.790,3353.374
711,034a3302-2e81-4b30-aa7d-052531e6e519,mainenlab,4660.000,9481.000,6924.000,-28.733,14.267,5854.383
712,94283796-548a-4e4e-909a-bd4bd1690d27,wittenlab,6120.000,3842.000,6383.000,47.183,13.295,4991.531
713,c2363000-27a6-461e-940b-15f681496ed8,danlab,3948.000,7087.000,4587.000,157.336,11.562,4043.759
714,ee320f72-b613-4acd-b10d-3ceef332a949,mrsicflogellab,2768.000,9145.000,5936.000,-8.499,10.564,5555.612
715,ba291bec-4492-4d7f-a6aa-483ebb64b3c3,danlab,5682.000,8530.000,4453.000,178.341,13.646,4376.566
