acronym,id,name,structure_id_path,rgb_triplet
root,997,root,[997],"[255, 255, 255]"
grey,8,Basic cell groups and regions,"[997, 8]","[191, 218, 227]"
CH,567,Cerebrum,"[997, 8, 567]","[176, 240, 255]"
CTX,688,Cerebral cortex,"[997, 8, 567, 688]","[176, 255, 184]"
CTXpl,695,Cortical plate,"[997, 8, 567, 688, 695]","[112, 255, 112]"
Isocortex,315,Isocortex,"[997, 8, 567, 688, 695, 315]","[112, 255, 113]"
FRP,184,"Frontal pole, cerebral cortex","[997, 8, 567, 688, 695, 315, 184]","[38, 143, 69]"
FRP1,68,"Frontal pole, layer 1","[997, 8, 567, 688, 695, 315, 184, 68]","[38, 143, 69]"
FRP2/3,667,"Frontal pole, layer 2/3","[997, 8, 567, 688, 695, 315, 184, 667]","[38, 143, 69]"
FRP5,526157192,"Frontal pole, layer 5","[997, 8, 567, 688, 695, 315, 184, 526157192]","[38, 143, 69]"
FRP6a,526157196,"Frontal pole, layer 6a","[997, 8, 567, 688, 695, 315, 184, 526157196]","[38, 143, 69]"
FRP6b,526322264,"Frontal pole, layer 6b","[997, 8, 567, 688, 695, 315, 184, 526322264]","[38, 143, 69]"
MO,500,Somatomotor areas,"[997, 8, 567, 688, 695, 315, 500]","[31, 157, 90]"
MOp,985,Primary motor area,"[997, 8, 567, 688, 695, 315, 500, 985]","[31, 157, 90]"
MOp1,320,"Primary motor area, Layer 1","[997, 8, 567, 688, 695, 315, 500, 985, 320]","[31, 157, 90]"
MOp2/3,943,"Primary motor area, Layer 2/3","[997, 8, 567, 688, 695, 315, 500, 985, 943]","[31, 157, 90]"
MOp5,648,"Primary motor area, Layer 5","[997, 8, 567, 688, 695, 315, 500, 985, 648]","[31, 157, 90]"
MOp6a,844,"Primary motor area, Layer 6a","[997, 8, 567, 688, 695, 315, 500, 985, 844]","[31, 157, 90]"
MOp6b,882,"Primary motor area, Layer 6b","[997, 8, 567, 688, 695, 315, 500, 985, 882]","[31, 157, 90]"
MOs,993,Secondary motor area,"[997, 8, 567, 688, 695, 315, 500, 993]","[31, 157, 90]"
MOs1,656,"Secondary motor area, layer 1","[997, 8, 567, 688, 695, 315, 500, 993, 656]","[31, 157, 90]"
MOs2/3,962,"Secondary motor area, layer 2/3","[997, 8, 567, 688, 695, 315, 500, 993, 962]","[31, 157, 90]"
MOs5,767,"Secondary motor area, layer 5","[997, 8, 567, 688, 695, 315, 500, 993, 767]","[31, 157, 90]"
MOs6a,1021,"Secondary motor area, layer 6a","[997, 8, 567, 688, 695, 315, 500, 993, 1021]","[31, 157, 90]"
MOs6b,1085,"Secondary motor area, layer 6b","[997, 8, 567, 688, 695, 315, 500, 993, 1085]","[31, 157, 90]"
SS,453,Somatosensory areas,"[997, 8, 567, 688, 695, 315, 453]","[24, 128, 100]"
SSp,322,Primary somatosensory area,"[997, 8, 567, 688, 695, 315, 453, 322]","[24, 128, 100]"
SSp-n,353,"Primary somatosensory area, nose","[997, 8, 567, 688, 695, 315, 453, 322, 353]","[24, 128, 100]"
SSp-n1,558,"Primary somatosensory area, nose, layer 1","[997, 8, 567, 688, 695, 315, 453, 322, 353, 558]","[24, 128, 100]"
SSp-n2/3,838,"Primary somatosensory area, nose, layer 2/3","[997, 8, 567, 688, 695, 315, 453, 322, 353, 838]","[24, 128, 100]"
SSp-n4,654,"Primary somatosensory area, nose, layer 4","[997, 8, 567, 688, 695, 315, 453, 322, 353, 654]","[24, 128, 100]"
SSp-n5,702,"Primary somatosensory area, nose, layer 5","[997, 8, 567, 688, 695, 315, 453, 322, 353, 702]","[24, 128, 100]"
SSp-n6a,889,"Primary somatosensory area, nose, layer 6a","[997, 8, 567, 688, 695, 315, 453, 322, 353, 889]","[24, 128, 100]"
SSp-n6b,929,"Primary somatosensory area, nose, layer 6b","[997, 8, 567, 688, 695, 315, 453, 322, 353, 929]","[24, 128, 100]"
SSp-bfd,329,"Primary somatosensory area, barrel field","[997, 8, 567, 688, 695, 315, 453, 322, 329]","[24, 128, 100]"
SSp-bfd1,981,"Primary somatosensory area, barrel field, layer 1","[997, 8, 567, 688, 695, 315, 453, 322, 329, 981]","[24, 128, 100]"
SSp-bfd2/3,201,"Primary somatosensory area, barrel field, layer 2/3","[997, 8, 567, 688, 695, 315, 453, 322, 329, 201]","[24, 128, 100]"
SSp-bfd4,1047,"Primary somatosensory area, barrel field, layer 4","[997, 8, 567, 688, 695, 315, 453, 322, 329, 1047]","[24, 128, 100]"
SSp-bfd5,1070,"Primary somatosensory area, barrel field, layer 5","[997, 8, 567, 688, 695, 315, 453, 322, 329, 1070]","[24, 128, 100]"
SSp-bfd6a,1038,"Primary somatosensory area, barrel field, layer 6a","[997, 8, 567, 688, 695, 315, 453, 322, 329, 1038]","[24, 128, 100]"
SSp-bfd6b,1062,"Primary somatosensory area, barrel field, layer 6b","[997, 8, 567, 688, 695, 315, 453, 322, 329, 1062]","[24, 128, 100]"
SSp-ll,337,"Primary somatosensory area, lower limb","[997, 8, 567, 688, 695, 315, 453, 322, 337]","[24, 128, 100]"
SSp-ll1,1030,"Primary somatosensory area, lower limb, layer 1","[997, 8, 567, 688, 695, 315, 453, 322, 337, 1030]","[24, 128, 100]"
SSp-ll2/3,113,"Primary somatosensory area, lower limb, layer 2/3","[997, 8, 567, 688, 695, 315, 453, 322, 337, 113]","[24, 128, 100]"
SSp-ll4,1094,"Primary somatosensory area, lower limb, layer 4","[997, 8, 567, 688, 695, 315, 453, 322, 337, 1094]","[24, 128, 100]"
SSp-ll5,1128,"Primary somatosensory area, lower limb, layer 5","[997, 8, 567, 688, 695, 315, 453, 322, 337, 1128]","[24, 128, 100]"
SSp-ll6a,478,"Primary somatosensory area, lower limb, layer 6a","[997, 8, 567, 688, 695, 315, 453, 322, 337, 478]","[24, 128, 100]"
SSp-ll6b,510,"Primary somatosensory area, lower limb, layer 6b","[997, 8, 567, 688, 695, 315, 453, 322, 337, 510]","[24, 128, 100]"
SSp-m,345,"Primary somatosensory area, mouth","[997, 8, 567, 688, 695, 315, 453, 322, 345]","[24, 128, 100]"
SSp-m1,878,"Primary somatosensory area, mouth, layer 1","[997, 8, 567, 688, 695, 315, 453, 322, 345, 878]","[24, 128, 100]"
SSp-m2/3,657,"Primary somatosensory area, mouth, layer 2/3","[997, 8, 567, 688, 695, 315, 453, 322, 345, 657]","[24, 128, 100]"
SSp-m4,950,"Primary somatosensory area, mouth, layer 4","[997, 8, 567, 688, 695, 315, 453, 322, 345, 950]","[24, 128, 100]"
SSp-m5,974,"Primary somatosensory area, mouth, layer 5","[997, 8, 567, 688, 695, 315, 453, 322, 345, 974]","[24, 128, 100]"
SSp-m6a,1102,"Primary somatosensory area, mouth, layer 6a","[997, 8, 567, 688, 695, 315, 453, 322, 345, 1102]","[24, 128, 100]"
SSp-m6b,2,"Primary somatosensory area, mouth, layer 6b","[997, 8, 567, 688, 695, 315, 453, 322, 345, 2]","[24, 128, 100]"
SSp-ul,369,"Primary somatosensory area, upper limb","[997, 8, 567, 688, 695, 315, 453, 322, 369]","[24, 128, 100]"
SSp-ul1,450,"Primary somatosensory area, upper limb, layer 1","[997, 8, 567, 688, 695, 315, 453, 322, 369, 450]","[24, 128, 100]"
SSp-ul2/3,854,"Primary somatosensory area, upper limb, layer 2/3","[997, 8, 567, 688, 695, 315, 453, 322, 369, 854]","[24, 128, 100]"
SSp-ul4,577,"Primary somatosensory area, upper limb, layer 4","[997, 8, 567, 688, 695, 315, 453, 322, 369, 577]","[24, 128, 100]"
SSp-ul5,625,"Primary somatosensory area, upper limb, layer 5","[997, 8, 567, 688, 695, 315, 453, 322, 369, 625]","[24, 128, 100]"
SSp-ul6a,945,"Primary somatosensory area, upper limb, layer 6a","[997, 8, 567, 688, 695, 315, 453, 322, 369, 945]","[24, 128, 100]"
SSp-ul6b,1026,"Primary somatosensory area, upper limb, layer 6b","[997, 8, 567, 688, 695, 315, 453, 322, 369, 1026]","[24, 128, 100]"
SSp-tr,361,"Primary somatosensory area, trunk","[997, 8, 567, 688, 695, 315, 453, 322, 361]","[24, 128, 100]"
SSp-tr1,1006,"Primary somatosensory area, trunk, layer 1","[997, 8, 567, 688, 695, 315, 453, 322, 361, 1006]","[24, 128, 100]"
SSp-tr2/3,670,"Primary somatosensory area, trunk, layer 2/3","[997, 8, 567, 688, 695, 315, 453, 322, 361, 670]","[24, 128, 100]"
SSp-tr4,1086,"Primary somatosensory area, trunk, layer 4","[997, 8, 567, 688, 695, 315, 453, 322, 361, 1086]","[24, 128, 100]"
SSp-tr5,1111,"Primary somatosensory area, trunk, layer 5","[997, 8, 567, 688, 695, 315, 453, 322, 361, 1111]","[24, 128, 100]"
SSp-tr6a,9,"Primary somatosensory area, trunk, layer 6a","[997, 8, 567, 688, 695, 315, 453, 322, 361, 9]","[24, 128, 100]"
SSp-tr6b,461,"Primary somatosensory area, trunk, layer 6b","[997, 8, 567, 688, 695, 315, 453, 322, 361, 461]","[24, 128, 100]"
SSp-un,182305689,"Primary somatosensory area, unassigned","[997, 8, 567, 688, 695, 315, 453, 322, 182305689]","[24, 128, 100]"
SSp-un1,182305693,"Primary somatosensory area, unassigned, layer 1","[997, 8, 567, 688, 695, 315, 453, 322, 182305689, 182305693]","[24, 128, 100]"
SSp-un2/3,182305697,"Primary somatosensory area, unassigned, layer 2/3","[997, 8, 567, 688, 695, 315, 453, 322, 182305689, 182305697]","[24, 128, 100]"
SSp-un4,182305701,"Primary somatosensory area, unassigned, layer 4","[997, 8, 567, 688, 695, 315, 453, 322, 182305689, 182305701]","[24, 128, 100]"
SSp-un5,182305705,"Primary somatosensory area, unassigned, layer 5","[997, 8, 567, 688, 695, 315, 453, 322, 182305689, 182305705]","[24, 128, 100]"
SSp-un6a,182305709,"Primary somatosensory area, unassigned, layer 6a","[997, 8, 567, 688, 695, 315, 453, 322, 182305689, 182305709]","[24, 128, 100]"
SSp-un6b,182305713,"Primary somatosensory area, unassigned, layer 6b","[997, 8, 567, 688, 695, 315, 453, 322, 182305689, 182305713]","[24, 128, 100]"
SSs,378,Supplemental somatosensory area,"[997, 8, 567, 688, 695, 315, 453, 378]","[24, 128, 100]"
SSs1,873,"Supplemental somatosensory area, layer 1","[997, 8, 567, 688, 695, 315, 453, 378, 873]","[24, 128, 100]"
SSs2/3,806,"Supplemental somatosensory area, layer 2/3","[997, 8, 567, 688, 695, 315, 453, 378, 806]","[24, 128, 100]"
SSs4,1035,"Supplemental somatosensory area, layer 4","[997, 8, 567, 688, 695, 315, 453, 378, 1035]","[24, 128, 100]"
SSs5,1090,"Supplemental somatosensory area, layer 5","[997, 8, 567, 688, 695, 315, 453, 378, 1090]","[24, 128, 100]"
SSs6a,862,"Supplemental somatosensory area, layer 6a","[997, 8, 567, 688, 695, 315, 453, 378, 862]","[24, 128, 100]"
SSs6b,893,"Supplemental somatosensory area, layer 6b","[997, 8, 567, 688, 695, 315, 453, 378, 893]","[24, 128, 100]"
GU,1057,Gustatory areas,"[997, 8, 567, 688, 695, 315, 1057]","[0, 156, 117]"
GU1,36,"Gustatory areas, layer 1","[997, 8, 567, 688, 695, 315, 1057, 36]","[0, 156, 117]"
GU2/3,180,"Gustatory areas, layer 2/3","[997, 8, 567, 688, 695, 315, 1057, 180]","[0, 156, 117]"
GU4,148,"Gustatory areas, layer 4","[997, 8, 567, 688, 695, 315, 1057, 148]","[0, 156, 117]"
GU5,187,"Gustatory areas, layer 5","[997, 8, 567, 688, 695, 315, 1057, 187]","[0, 156, 117]"
GU6a,638,"Gustatory areas, layer 6a","[997, 8, 567, 688, 695, 315, 1057, 638]","[0, 156, 117]"
GU6b,662,"Gustatory areas, layer 6b","[997, 8, 567, 688, 695, 315, 1057, 662]","[0, 156, 117]"
VISC,677,Visceral area,"[997, 8, 567, 688, 695, 315, 677]","[17, 173, 131]"
VISC1,897,"Visceral area, layer 1","[997, 8, 567, 688, 695, 315, 677, 897]","[17, 173, 131]"
VISC2/3,1106,"Visceral area, layer 2/3","[997, 8, 567, 688, 695, 315, 677, 1106]","[17, 173, 131]"
VISC4,1010,"Visceral area, layer 4","[997, 8, 567, 688, 695, 315, 677, 1010]","[17, 173, 131]"
VISC5,1058,"Visceral area, layer 5","[997, 8, 567, 688, 695, 315, 677, 1058]","[17, 173, 131]"
VISC6a,857,"Visceral area, layer 6a","[997, 8, 567, 688, 695, 315, 677, 857]","[17, 173, 131]"
VISC6b,849,"Visceral area, layer 6b","[997, 8, 567, 688, 695, 315, 677, 849]","[17, 173, 131]"
AUD,247,Auditory areas,"[997, 8, 567, 688, 695, 315, 247]","[1, 147, 153]"
AUDd,1011,Dorsal auditory area,"[997, 8, 567, 688, 695, 315, 247, 1011]","[1, 147, 153]"
AUDd1,527,"Dorsal auditory area, layer 1","[997, 8, 567, 688, 695, 315, 247, 1011, 527]","[1, 147, 153]"
AUDd2/3,600,"Dorsal auditory area, layer 2/3","[997, 8, 567, 688, 695, 315, 247, 1011, 600]","[1, 147, 153]"
AUDd4,678,"Dorsal auditory area, layer 4","[997, 8, 567, 688, 695, 315, 247, 1011, 678]","[1, 147, 153]"
AUDd5,252,"Dorsal auditory area, layer 5","[997, 8, 567, 688, 695, 315, 247, 1011, 252]","[1, 147, 153]"
AUDd6a,156,"Dorsal auditory area, layer 6a","[997, 8, 567, 688, 695, 315, 247, 1011, 156]","[1, 147, 153]"
AUDd6b,243,"Dorsal auditory area, layer 6b","[997, 8, 567, 688, 695, 315, 247, 1011, 243]","[1, 147, 153]"
AUDp,1002,Primary auditory area,"[997, 8, 567, 688, 695, 315, 247, 1002]","[1, 147, 153]"
AUDp1,735,"Primary auditory area, layer 1","[997, 8, 567, 688, 695, 315, 247, 1002, 735]","[1, 147, 153]"
AUDp2/3,251,"Primary auditory area, layer 2/3","[997, 8, 567, 688, 695, 315, 247, 1002, 251]","[1, 147, 153]"
AUDp4,816,"Primary auditory area, layer 4","[997, 8, 567, 688, 695, 315, 247, 1002, 816]","[1, 147, 153]"
AUDp5,847,"Primary auditory area, layer 5","[997, 8, 567, 688, 695, 315, 247, 1002, 847]","[1, 147, 153]"
AUDp6a,954,"Primary auditory area, layer 6a","[997, 8, 567, 688, 695, 315, 247, 1002, 954]","[1, 147, 153]"
AUDp6b,1005,"Primary auditory area, layer 6b","[997, 8, 567, 688, 695, 315, 247, 1002, 1005]","[1, 147, 153]"
AUDpo,1027,Posterior auditory area,"[997, 8, 567, 688, 695, 315, 247, 1027]","[1, 147, 153]"
AUDpo1,696,"Posterior auditory area, layer 1","[997, 8, 567, 688, 695, 315, 247, 1027, 696]","[1, 147, 153]"
AUDpo2/3,643,"Posterior auditory area, layer 2/3","[997, 8, 567, 688, 695, 315, 247, 1027, 643]","[1, 147, 153]"
AUDpo4,759,"Posterior auditory area, layer 4","[997, 8, 567, 688, 695, 315, 247, 1027, 759]","[1, 147, 153]"
AUDpo5,791,"Posterior auditory area, layer 5","[997, 8, 567, 688, 695, 315, 247, 1027, 791]","[1, 147, 153]"
AUDpo6a,249,"Posterior auditory area, layer 6a","[997, 8, 567, 688, 695, 315, 247, 1027, 249]","[1, 147, 153]"
AUDpo6b,456,"Posterior auditory area, layer 6b","[997, 8, 567, 688, 695, 315, 247, 1027, 456]","[1, 147, 153]"
AUDv,1018,Ventral auditory area,"[997, 8, 567, 688, 695, 315, 247, 1018]","[1, 147, 153]"
AUDv1,959,"Ventral auditory area, layer 1","[997, 8, 567, 688, 695, 315, 247, 1018, 959]","[1, 147, 153]"
AUDv2/3,755,"Ventral auditory area, layer 2/3","[997, 8, 567, 688, 695, 315, 247, 1018, 755]","[1, 147, 153]"
AUDv4,990,"Ventral auditory area, layer 4","[997, 8, 567, 688, 695, 315, 247, 1018, 990]","[1, 147, 153]"
AUDv5,1023,"Ventral auditory area, layer 5","[997, 8, 567, 688, 695, 315, 247, 1018, 1023]","[1, 147, 153]"
AUDv6a,520,"Ventral auditory area, layer 6a","[997, 8, 567, 688, 695, 315, 247, 1018, 520]","[1, 147, 153]"
AUDv6b,598,"Ventral auditory area, layer 6b","[997, 8, 567, 688, 695, 315, 247, 1018, 598]","[1, 147, 153]"
VIS,669,Visual areas,"[997, 8, 567, 688, 695, 315, 669]","[8, 133, 140]"
VISal,402,Anterolateral visual area,"[997, 8, 567, 688, 695, 315, 669, 402]","[8, 133, 140]"
VISal1,1074,"Anterolateral visual area, layer 1","[997, 8, 567, 688, 695, 315, 669, 402, 1074]","[8, 133, 140]"
VISal2/3,905,"Anterolateral visual area, layer 2/3","[997, 8, 567, 688, 695, 315, 669, 402, 905]","[8, 133, 140]"
VISal4,1114,"Anterolateral visual area, layer 4","[997, 8, 567, 688, 695, 315, 669, 402, 1114]","[8, 133, 140]"
VISal5,233,"Anterolateral visual area, layer 5","[997, 8, 567, 688, 695, 315, 669, 402, 233]","[8, 133, 140]"
VISal6a,601,"Anterolateral visual area, layer 6a","[997, 8, 567, 688, 695, 315, 669, 402, 601]","[8, 133, 140]"
VISal6b,649,"Anterolateral visual area, layer 6b","[997, 8, 567, 688, 695, 315, 669, 402, 649]","[8, 133, 140]"
VISam,394,Anteromedial visual area,"[997, 8, 567, 688, 695, 315, 669, 394]","[8, 133, 140]"
VISam1,281,"Anteromedial visual area, layer 1","[997, 8, 567, 688, 695, 315, 669, 394, 281]","[8, 133, 140]"
VISam2/3,1066,"Anteromedial visual area, layer 2/3","[997, 8, 567, 688, 695, 315, 669, 394, 1066]","[8, 133, 140]"
VISam4,401,"Anteromedial visual area, layer 4","[997, 8, 567, 688, 695, 315, 669, 394, 401]","[8, 133, 140]"
VISam5,433,"Anteromedial visual area, layer 5","[997, 8, 567, 688, 695, 315, 669, 394, 433]","[8, 133, 140]"
VISam6a,1046,"Anteromedial visual area, layer 6a","[997, 8, 567, 688, 695, 315, 669, 394, 1046]","[8, 133, 140]"
VISam6b,441,"Anteromedial visual area, layer 6b","[997, 8, 567, 688, 695, 315, 669, 394, 441]","[8, 133, 140]"
VISl,409,Lateral visual area,"[997, 8, 567, 688, 695, 315, 669, 409]","[8, 133, 140]"
VISl1,421,"Lateral visual area, layer 1","[997, 8, 567, 688, 695, 315, 669, 409, 421]","[8, 133, 140]"
VISl2/3,973,"Lateral visual area, layer 2/3","[997, 8, 567, 688, 695, 315, 669, 409, 973]","[8, 133, 140]"
VISl4,573,"Lateral visual area, layer 4","[997, 8, 567, 688, 695, 315, 669, 409, 573]","[8, 133, 140]"
VISl5,613,"Lateral visual area, layer 5","[997, 8, 567, 688, 695, 315, 669, 409, 613]","[8, 133, 140]"
VISl6a,74,"Lateral visual area, layer 6a","[997, 8, 567, 688, 695, 315, 669, 409, 74]","[8, 133, 140]"
VISl6b,121,"Lateral visual area, layer 6b","[997, 8, 567, 688, 695, 315, 669, 409, 121]","[8, 133, 140]"
VISp,385,Primary visual area,"[997, 8, 567, 688, 695, 315, 669, 385]","[8, 133, 140]"
VISp1,593,"Primary visual area, layer 1","[997, 8, 567, 688, 695, 315, 669, 385, 593]","[8, 133, 140]"
VISp2/3,821,"Primary visual area, layer 2/3","[997, 8, 567, 688, 695, 315, 669, 385, 821]","[8, 133, 140]"
VISp4,721,"Primary visual area, layer 4","[997, 8, 567, 688, 695, 315, 669, 385, 721]","[8, 133, 140]"
VISp5,778,"Primary visual area, layer 5","[997, 8, 567, 688, 695, 315, 669, 385, 778]","[8, 133, 140]"
VISp6a,33,"Primary visual area, layer 6a","[997, 8, 567, 688, 695, 315, 669, 385, 33]","[8, 133, 140]"
VISp6b,305,"Primary visual area, layer 6b","[997, 8, 567, 688, 695, 315, 669, 385, 305]","[8, 133, 140]"
VISpl,425,Posterolateral visual area,"[997, 8, 567, 688, 695, 315, 669, 425]","[8, 133, 140]"
VISpl1,750,"Posterolateral visual area, layer 1","[997, 8, 567, 688, 695, 315, 669, 425, 750]","[8, 133, 140]"
VISpl2/3,269,"Posterolateral visual area, layer 2/3","[997, 8, 567, 688, 695, 315, 669, 425, 269]","[8, 133, 140]"
VISpl4,869,"Posterolateral visual area, layer 4","[997, 8, 567, 688, 695, 315, 669, 425, 869]","[8, 133, 140]"
VISpl5,902,"Posterolateral visual area, layer 5","[997, 8, 567, 688, 695, 315, 669, 425, 902]","[8, 133, 140]"
VISpl6a,377,"Posterolateral visual area, layer 6a","[997, 8, 567, 688, 695, 315, 669, 425, 377]","[8, 133, 140]"
VISpl6b,393,"Posterolateral visual area, layer 6b","[997, 8, 567, 688, 695, 315, 669, 425, 393]","[8, 133, 140]"
VISpm,533,posteromedial visual area,"[997, 8, 567, 688, 695, 315, 669, 533]","[8, 133, 140]"
VISpm1,805,"posteromedial visual area, layer 1","[997, 8, 567, 688, 695, 315, 669, 533, 805]","[8, 133, 140]"
VISpm2/3,41,"posteromedial visual area, layer 2/3","[997, 8, 567, 688, 695, 315, 669, 533, 41]","[8, 133, 140]"
VISpm4,501,"posteromedial visual area, layer 4","[997, 8, 567, 688, 695, 315, 669, 533, 501]","[8, 133, 140]"
VISpm5,565,"posteromedial visual area, layer 5","[997, 8, 567, 688, 695, 315, 669, 533, 565]","[8, 133, 140]"
VISpm6a,257,"posteromedial visual area, layer 6a","[997, 8, 567, 688, 695, 315, 669, 533, 257]","[8, 133, 140]"
VISpm6b,469,"posteromedial visual area, layer 6b","[997, 8, 567, 688, 695, 315, 669, 533, 469]","[8, 133, 140]"
VISli,312782574,Laterointermediate area,"[997, 8, 567, 688, 695, 315, 669, 312782574]","[8, 133, 140]"
VISli1,312782578,"Laterointermediate area, layer 1","[997, 8, 567, 688, 695, 315, 669, 312782574, 312782578]","[8, 133, 140]"
VISli2/3,312782582,"Laterointermediate area, layer 2/3","[997, 8, 567, 688, 695, 315, 669, 312782574, 312782582]","[8, 133, 140]"
VISli4,312782586,"Laterointermediate area, layer 4","[997, 8, 567, 688, 695, 315, 669, 312782574, 312782586]","[8, 133, 140]"
VISli5,312782590,"Laterointermediate area, layer 5","[997, 8, 567, 688, 695, 315, 669, 312782574, 312782590]","[8, 133, 140]"
VISli6a,312782594,"Laterointermediate area, layer 6a","[997, 8, 567, 688, 695, 315, 669, 312782574, 312782594]","[8, 133, 140]"
VISli6b,312782598,"Laterointermediate area, layer 6b","[997, 8, 567, 688, 695, 315, 669, 312782574, 312782598]","[8, 133, 140]"
VISpor,312782628,Postrhinal area,"[997, 8, 567, 688, 695, 315, 669, 312782628]","[8, 133, 140]"
VISpor1,312782632,"Postrhinal area, layer 1","[997, 8, 567, 688, 695, 315, 669, 312782628, 312782632]","[8, 133, 140]"
VISpor2/3,312782636,"Postrhinal area, layer 2/3","[997, 8, 567, 688, 695, 315, 669, 312782628, 312782636]","[8, 133, 140]"
VISpor4,312782640,"Postrhinal area, layer 4","[997, 8, 567, 688, 695, 315, 669, 312782628, 312782640]","[8, 133, 140]"
VISpor5,312782644,"Postrhinal area, layer 5","[997, 8, 567, 688, 695, 315, 669, 312782628, 312782644]","[8, 133, 140]"
VISpor6a,312782648,"Postrhinal area, layer 6a","[997, 8, 567, 688, 695, 315, 669, 312782628, 312782648]","[8, 133, 140]"
VISpor6b,312782652,"Postrhinal area, layer 6b","[997, 8, 567, 688, 695, 315, 669, 312782628, 312782652]","[8, 133, 140]"
ACA,31,Anterior cingulate area,"[997, 8, 567, 688, 695, 315, 31]","[64, 166, 102]"
ACAd,39,"Anterior cingulate area, dorsal part","[997, 8, 567, 688, 695, 315, 31, 39]","[64, 166, 102]"
ACAd1,935,"Anterior cingulate area, dorsal part, layer 1","[997, 8, 567, 688, 695, 315, 31, 39, 935]","[64, 166, 102]"
ACAd2/3,211,"Anterior cingulate area, dorsal part, layer 2/3","[997, 8, 567, 688, 695, 315, 31, 39, 211]","[64, 166, 102]"
ACAd5,1015,"Anterior cingulate area, dorsal part, layer 5","[997, 8, 567, 688, 695, 315, 31, 39, 1015]","[64, 166, 102]"
ACAd6a,919,"Anterior cingulate area, dorsal part, layer 6a","[997, 8, 567, 688, 695, 315, 31, 39, 919]","[64, 166, 102]"
ACAd6b,927,"Anterior cingulate area, dorsal part, layer 6b","[997, 8, 567, 688, 695, 315, 31, 39, 927]","[64, 166, 102]"
ACAv,48,"Anterior cingulate area, ventral part","[997, 8, 567, 688, 695, 315, 31, 48]","[64, 166, 102]"
ACAv1,588,"Anterior cingulate area, ventral part, layer 1","[997, 8, 567, 688, 695, 315, 31, 48, 588]","[64, 166, 102]"
ACAv2/3,296,"Anterior cingulate area, ventral part, layer 2/3","[997, 8, 567, 688, 695, 315, 31, 48, 296]","[64, 166, 102]"
ACAv5,772,"Anterior cingulate area, ventral part, layer 5","[997, 8, 567, 688, 695, 315, 31, 48, 772]","[64, 166, 102]"
ACAv6a,810,"Anterior cingulate area, ventral part, 6a","[997, 8, 567, 688, 695, 315, 31, 48, 810]","[64, 166, 102]"
ACAv6b,819,"Anterior cingulate area, ventral part, 6b","[997, 8, 567, 688, 695, 315, 31, 48, 819]","[64, 166, 102]"
PL,972,Prelimbic area,"[997, 8, 567, 688, 695, 315, 972]","[47, 168, 80]"
PL1,171,"Prelimbic area, layer 1","[997, 8, 567, 688, 695, 315, 972, 171]","[47, 168, 80]"
PL2/3,304,"Prelimbic area, layer 2/3","[997, 8, 567, 688, 695, 315, 972, 304]","[47, 168, 80]"
PL5,363,"Prelimbic area, layer 5","[997, 8, 567, 688, 695, 315, 972, 363]","[47, 168, 80]"
PL6a,84,"Prelimbic area, layer 6a","[997, 8, 567, 688, 695, 315, 972, 84]","[47, 168, 80]"
PL6b,132,"Prelimbic area, layer 6b","[997, 8, 567, 688, 695, 315, 972, 132]","[47, 168, 80]"
ILA,44,Infralimbic area,"[997, 8, 567, 688, 695, 315, 44]","[89, 179, 99]"
ILA1,707,"Infralimbic area, layer 1","[997, 8, 567, 688, 695, 315, 44, 707]","[89, 179, 99]"
ILA2/3,556,"Infralimbic area, layer 2/3","[997, 8, 567, 688, 695, 315, 44, 556]","[89, 179, 99]"
ILA5,827,"Infralimbic area, layer 5","[997, 8, 567, 688, 695, 315, 44, 827]","[89, 179, 99]"
ILA6a,1054,"Infralimbic area, layer 6a","[997, 8, 567, 688, 695, 315, 44, 1054]","[89, 179, 99]"
ILA6b,1081,"Infralimbic area, layer 6b","[997, 8, 567, 688, 695, 315, 44, 1081]","[89, 179, 99]"
ORB,714,Orbital area,"[997, 8, 567, 688, 695, 315, 714]","[36, 138, 94]"
ORBl,723,"Orbital area, lateral part","[997, 8, 567, 688, 695, 315, 714, 723]","[36, 138, 94]"
ORBl1,448,"Orbital area, lateral part, layer 1","[997, 8, 567, 688, 695, 315, 714, 723, 448]","[36, 138, 94]"
ORBl2/3,412,"Orbital area, lateral part, layer 2/3","[997, 8, 567, 688, 695, 315, 714, 723, 412]","[36, 138, 94]"
ORBl5,630,"Orbital area, lateral part, layer 5","[997, 8, 567, 688, 695, 315, 714, 723, 630]","[36, 138, 94]"
ORBl6a,440,"Orbital area, lateral part, layer 6a","[997, 8, 567, 688, 695, 315, 714, 723, 440]","[36, 138, 94]"
ORBl6b,488,"Orbital area, lateral part, layer 6b","[997, 8, 567, 688, 695, 315, 714, 723, 488]","[36, 138, 94]"
ORBm,731,"Orbital area, medial part","[997, 8, 567, 688, 695, 315, 714, 731]","[36, 138, 94]"
ORBm1,484,"Orbital area, medial part, layer 1","[997, 8, 567, 688, 695, 315, 714, 731, 484]","[36, 138, 94]"
ORBm2/3,582,"Orbital area, medial part, layer 2/3","[997, 8, 567, 688, 695, 315, 714, 731, 582]","[36, 138, 94]"
ORBm5,620,"Orbital area, medial part, layer 5","[997, 8, 567, 688, 695, 315, 714, 731, 620]","[36, 138, 94]"
ORBm6a,910,"Orbital area, medial part, layer 6a","[997, 8, 567, 688, 695, 315, 714, 731, 910]","[36, 138, 94]"
ORBm6b,527696977,"Orbital area, medial part, layer 6b","[997, 8, 567, 688, 695, 315, 714, 731, 527696977]","[36, 138, 94]"
ORBvl,746,"Orbital area, ventrolateral part","[997, 8, 567, 688, 695, 315, 714, 746]","[36, 138, 94]"
ORBvl1,969,"Orbital area, ventrolateral part, layer 1","[997, 8, 567, 688, 695, 315, 714, 746, 969]","[36, 138, 94]"
ORBvl2/3,288,"Orbital area, ventrolateral part, layer 2/3","[997, 8, 567, 688, 695, 315, 714, 746, 288]","[36, 138, 94]"
ORBvl5,1125,"Orbital area, ventrolateral part, layer 5","[997, 8, 567, 688, 695, 315, 714, 746, 1125]","[36, 138, 94]"
ORBvl6a,608,"Orbital area, ventrolateral part, layer 6a","[997, 8, 567, 688, 695, 315, 714, 746, 608]","[36, 138, 94]"
ORBvl6b,680,"Orbital area, ventrolateral part, layer 6b","[997, 8, 567, 688, 695, 315, 714, 746, 680]","[36, 138, 94]"
AI,95,Agranular insular area,"[997, 8, 567, 688, 695, 315, 95]","[33, 152, 102]"
AId,104,"Agranular insular area, dorsal part","[997, 8, 567, 688, 695, 315, 95, 104]","[33, 152, 102]"
AId1,996,"Agranular insular area, dorsal part, layer 1","[997, 8, 567, 688, 695, 315, 95, 104, 996]","[33, 152, 102]"
AId2/3,328,"Agranular insular area, dorsal part, layer 2/3","[997, 8, 567, 688, 695, 315, 95, 104, 328]","[33, 152, 102]"
AId5,1101,"Agranular insular area, dorsal part, layer 5","[997, 8, 567, 688, 695, 315, 95, 104, 1101]","[33, 152, 102]"
AId6a,783,"Agranular insular area, dorsal part, layer 6a","[997, 8, 567, 688, 695, 315, 95, 104, 783]","[33, 152, 102]"
AId6b,831,"Agranular insular area, dorsal part, layer 6b","[997, 8, 567, 688, 695, 315, 95, 104, 831]","[33, 152, 102]"
AIp,111,"Agranular insular area, posterior part","[997, 8, 567, 688, 695, 315, 95, 111]","[33, 152, 102]"
AIp1,120,"Agranular insular area, posterior part, layer 1","[997, 8, 567, 688, 695, 315, 95, 111, 120]","[33, 152, 102]"
AIp2/3,163,"Agranular insular area, posterior part, layer 2/3","[997, 8, 567, 688, 695, 315, 95, 111, 163]","[33, 152, 102]"
AIp5,344,"Agranular insular area, posterior part, layer 5","[997, 8, 567, 688, 695, 315, 95, 111, 344]","[33, 152, 102]"
AIp6a,314,"Agranular insular area, posterior part, layer 6a","[997, 8, 567, 688, 695, 315, 95, 111, 314]","[33, 152, 102]"
AIp6b,355,"Agranular insular area, posterior part, layer 6b","[997, 8, 567, 688, 695, 315, 95, 111, 355]","[33, 152, 102]"
AIv,119,"Agranular insular area, ventral part","[997, 8, 567, 688, 695, 315, 95, 119]","[33, 152, 102]"
AIv1,704,"Agranular insular area, ventral part, layer 1","[997, 8, 567, 688, 695, 315, 95, 119, 704]","[33, 152, 102]"
AIv2/3,694,"Agranular insular area, ventral part, layer 2/3","[997, 8, 567, 688, 695, 315, 95, 119, 694]","[33, 152, 102]"
AIv5,800,"Agranular insular area, ventral part, layer 5","[997, 8, 567, 688, 695, 315, 95, 119, 800]","[33, 152, 102]"
AIv6a,675,"Agranular insular area, ventral part, layer 6a","[997, 8, 567, 688, 695, 315, 95, 119, 675]","[33, 152, 102]"
AIv6b,699,"Agranular insular area, ventral part, layer 6b","[997, 8, 567, 688, 695, 315, 95, 119, 699]","[33, 152, 102]"
RSP,254,Retrosplenial area,"[997, 8, 567, 688, 695, 315, 254]","[26, 166, 152]"
RSPagl,894,"Retrosplenial area, lateral agranular part","[997, 8, 567, 688, 695, 315, 254, 894]","[26, 166, 152]"
RSPagl1,671,"Retrosplenial area, lateral agranular part, layer 1","[997, 8, 567, 688, 695, 315, 254, 894, 671]","[26, 166, 152]"
RSPagl2/3,965,"Retrosplenial area, lateral agranular part, layer 2/3","[997, 8, 567, 688, 695, 315, 254, 894, 965]","[26, 166, 152]"
RSPagl5,774,"Retrosplenial area, lateral agranular part, layer 5","[997, 8, 567, 688, 695, 315, 254, 894, 774]","[26, 166, 152]"
RSPagl6a,906,"Retrosplenial area, lateral agranular part, layer 6a","[997, 8, 567, 688, 695, 315, 254, 894, 906]","[26, 166, 152]"
RSPagl6b,279,"Retrosplenial area, lateral agranular part, layer 6b","[997, 8, 567, 688, 695, 315, 254, 894, 279]","[26, 166, 152]"
RSPd,879,"Retrosplenial area, dorsal part","[997, 8, 567, 688, 695, 315, 254, 879]","[26, 166, 152]"
RSPd1,442,"Retrosplenial area, dorsal part, layer 1","[997, 8, 567, 688, 695, 315, 254, 879, 442]","[26, 166, 152]"
RSPd2/3,434,"Retrosplenial area, dorsal part, layer 2/3","[997, 8, 567, 688, 695, 315, 254, 879, 434]","[26, 166, 152]"
RSPd4,545,"Retrosplenial area, dorsal part, layer 4","[997, 8, 567, 688, 695, 315, 254, 879, 545]","[26, 166, 152]"
RSPd5,610,"Retrosplenial area, dorsal part, layer 5","[997, 8, 567, 688, 695, 315, 254, 879, 610]","[26, 166, 152]"
RSPd6a,274,"Retrosplenial area, dorsal part, layer 6a","[997, 8, 567, 688, 695, 315, 254, 879, 274]","[26, 166, 152]"
RSPd6b,330,"Retrosplenial area, dorsal part, layer 6b","[997, 8, 567, 688, 695, 315, 254, 879, 330]","[26, 166, 152]"
RSPv,886,"Retrosplenial area, ventral part","[997, 8, 567, 688, 695, 315, 254, 886]","[26, 166, 152]"
RSPv1,542,"Retrosplenial area, ventral part, layer 1","[997, 8, 567, 688, 695, 315, 254, 886, 542]","[26, 166, 152]"
RSPv2/3,430,"Retrosplenial area, ventral part, layer 2/3","[997, 8, 567, 688, 695, 315, 254, 886, 430]","[26, 166, 152]"
RSPv5,687,"Retrosplenial area, ventral part, layer 5","[997, 8, 567, 688, 695, 315, 254, 886, 687]","[26, 166, 152]"
RSPv6a,590,"Retrosplenial area, ventral part, layer 6a","[997, 8, 567, 688, 695, 315, 254, 886, 590]","[26, 166, 152]"
RSPv6b,622,"Retrosplenial area, ventral part, layer 6b","[997, 8, 567, 688, 695, 315, 254, 886, 622]","[26, 166, 152]"
PTLp,22,Posterior parietal association areas,"[997, 8, 567, 688, 695, 315, 22]","[0, 159, 172]"
VISa,312782546,Anterior area,"[997, 8, 567, 688, 695, 315, 22, 312782546]","[0, 159, 172]"
VISa1,312782550,"Anterior area, layer 1","[997, 8, 567, 688, 695, 315, 22, 312782546, 312782550]","[0, 159, 172]"
VISa2/3,312782554,"Anterior area, layer 2/3","[997, 8, 567, 688, 695, 315, 22, 312782546, 312782554]","[0, 159, 172]"
VISa4,312782558,"Anterior area, layer 4","[997, 8, 567, 688, 695, 315, 22, 312782546, 312782558]","[0, 159, 172]"
VISa5,312782562,"Anterior area, layer 5","[997, 8, 567, 688, 695, 315, 22, 312782546, 312782562]","[0, 159, 172]"
VISa6a,312782566,"Anterior area, layer 6a","[997, 8, 567, 688, 695, 315, 22, 312782546, 312782566]","[0, 159, 172]"
VISa6b,312782570,"Anterior area, layer 6b","[997, 8, 567, 688, 695, 315, 22, 312782546, 312782570]","[0, 159, 172]"
VISrl,417,Rostrolateral visual area,"[997, 8, 567, 688, 695, 315, 22, 417]","[0, 159, 172]"
VISrl1,312782604,"Rostrolateral area, layer 1","[997, 8, 567, 688, 695, 315, 22, 417, 312782604]","[0, 159, 172]"
VISrl2/3,312782608,"Rostrolateral area, layer 2/3","[997, 8, 567, 688, 695, 315, 22, 417, 312782608]","[0, 159, 172]"
VISrl4,312782612,"Rostrolateral area, layer 4","[997, 8, 567, 688, 695, 315, 22, 417, 312782612]","[0, 159, 172]"
VISrl5,312782616,"Rostrolateral area, layer 5","[997, 8, 567, 688, 695, 315, 22, 417, 312782616]","[0, 159, 172]"
VISrl6a,312782620,"Rostrolateral area, layer 6a","[997, 8, 567, 688, 695, 315, 22, 417, 312782620]","[0, 159, 172]"
VISrl6b,312782624,"Rostrolateral area, layer 6b","[997, 8, 567, 688, 695, 315, 22, 417, 312782624]","[0, 159, 172]"
TEa,541,Temporal association areas,"[997, 8, 567, 688, 695, 315, 541]","[21, 176, 179]"
TEa1,97,"Temporal association areas, layer 1","[997, 8, 567, 688, 695, 315, 541, 97]","[21, 176, 179]"
TEa2/3,1127,"Temporal association areas, layer 2/3","[997, 8, 567, 688, 695, 315, 541, 1127]","[21, 176, 179]"
TEa4,234,"Temporal association areas, layer 4","[997, 8, 567, 688, 695, 315, 541, 234]","[21, 176, 179]"
TEa5,289,"Temporal association areas, layer 5","[997, 8, 567, 688, 695, 315, 541, 289]","[21, 176, 179]"
TEa6a,729,"Temporal association areas, layer 6a","[997, 8, 567, 688, 695, 315, 541, 729]","[21, 176, 179]"
TEa6b,786,"Temporal association areas, layer 6b","[997, 8, 567, 688, 695, 315, 541, 786]","[21, 176, 179]"
PERI,922,Perirhinal area,"[997, 8, 567, 688, 695, 315, 922]","[14, 150, 132]"
PERI1,540,"Perirhinal area, layer 1","[997, 8, 567, 688, 695, 315, 922, 540]","[14, 150, 132]"
PERI2/3,888,"Perirhinal area, layer 2/3","[997, 8, 567, 688, 695, 315, 922, 888]","[14, 150, 132]"
PERI5,692,"Perirhinal area, layer 5","[997, 8, 567, 688, 695, 315, 922, 692]","[14, 150, 132]"
PERI6a,335,"Perirhinal area, layer 6a","[997, 8, 567, 688, 695, 315, 922, 335]","[14, 150, 132]"
PERI6b,368,"Perirhinal area, layer 6b","[997, 8, 567, 688, 695, 315, 922, 368]","[14, 150, 132]"
ECT,895,Ectorhinal area,"[997, 8, 567, 688, 695, 315, 895]","[13, 159, 145]"
ECT1,836,Ectorhinal area/Layer 1,"[997, 8, 567, 688, 695, 315, 895, 836]","[13, 159, 145]"
ECT2/3,427,Ectorhinal area/Layer 2/3,"[997, 8, 567, 688, 695, 315, 895, 427]","[13, 159, 145]"
ECT5,988,Ectorhinal area/Layer 5,"[997, 8, 567, 688, 695, 315, 895, 988]","[13, 159, 145]"
ECT6a,977,Ectorhinal area/Layer 6a,"[997, 8, 567, 688, 695, 315, 895, 977]","[13, 159, 145]"
ECT6b,1045,Ectorhinal area/Layer 6b,"[997, 8, 567, 688, 695, 315, 895, 1045]","[13, 159, 145]"
OLF,698,Olfactory areas,"[997, 8, 567, 688, 695, 698]","[154, 210, 189]"
MOB,507,Main olfactory bulb,"[997, 8, 567, 688, 695, 698, 507]","[154, 210, 189]"
AOB,151,Accessory olfactory bulb,"[997, 8, 567, 688, 695, 698, 151]","[157, 240, 210]"
AOBgl,188,"Accessory olfactory bulb, glomerular layer","[997, 8, 567, 688, 695, 698, 151, 188]","[157, 240, 210]"
AOBgr,196,"Accessory olfactory bulb, granular layer","[997, 8, 567, 688, 695, 698, 151, 196]","[149, 228, 200]"
AOBmi,204,"Accessory olfactory bulb, mitral layer","[997, 8, 567, 688, 695, 698, 151, 204]","[157, 240, 210]"
AON,159,Anterior olfactory nucleus,"[997, 8, 567, 688, 695, 698, 159]","[84, 191, 148]"
TT,589,Taenia tecta,"[997, 8, 567, 688, 695, 698, 589]","[98, 208, 159]"
TTd,597,"Taenia tecta, dorsal part","[997, 8, 567, 688, 695, 698, 589, 597]","[98, 208, 159]"
TTv,605,"Taenia tecta, ventral part","[997, 8, 567, 688, 695, 698, 589, 605]","[98, 208, 159]"
DP,814,Dorsal peduncular area,"[997, 8, 567, 688, 695, 698, 814]","[164, 218, 164]"
PIR,961,Piriform area,"[997, 8, 567, 688, 695, 698, 961]","[106, 203, 186]"
NLOT,619,Nucleus of the lateral olfactory tract,"[997, 8, 567, 688, 695, 698, 619]","[149, 228, 200]"
NLOT1,260,"Nucleus of the lateral olfactory tract, molecular layer","[997, 8, 567, 688, 695, 698, 619, 260]","[149, 228, 200]"
NLOT2,268,"Nucleus of the lateral olfactory tract, pyramidal layer","[997, 8, 567, 688, 695, 698, 619, 268]","[149, 228, 200]"
NLOT3,1139,"Nucleus of the lateral olfactory tract, layer 3","[997, 8, 567, 688, 695, 698, 619, 1139]","[149, 228, 200]"
COA,631,Cortical amygdalar area,"[997, 8, 567, 688, 695, 698, 631]","[97, 231, 183]"
COAa,639,"Cortical amygdalar area, anterior part","[997, 8, 567, 688, 695, 698, 631, 639]","[97, 231, 183]"
COAp,647,"Cortical amygdalar area, posterior part","[997, 8, 567, 688, 695, 698, 631, 647]","[97, 231, 183]"
COApl,655,"Cortical amygdalar area, posterior part, lateral zone","[997, 8, 567, 688, 695, 698, 631, 647, 655]","[97, 231, 183]"
COApm,663,"Cortical amygdalar area, posterior part, medial zone","[997, 8, 567, 688, 695, 698, 631, 647, 663]","[97, 231, 183]"
PAA,788,Piriform-amygdalar area,"[997, 8, 567, 688, 695, 698, 788]","[89, 218, 171]"
TR,566,Postpiriform transition area,"[997, 8, 567, 688, 695, 698, 566]","[168, 236, 211]"
HPF,1089,Hippocampal formation,"[997, 8, 567, 688, 695, 1089]","[126, 208, 75]"
HIP,1080,Hippocampal region,"[997, 8, 567, 688, 695, 1089, 1080]","[126, 208, 75]"
CA,375,Ammon's horn,"[997, 8, 567, 688, 695, 1089, 1080, 375]","[126, 208, 75]"
CA1,382,Field CA1,"[997, 8, 567, 688, 695, 1089, 1080, 375, 382]","[126, 208, 75]"
CA2,423,Field CA2,"[997, 8, 567, 688, 695, 1089, 1080, 375, 423]","[126, 208, 75]"
CA3,463,Field CA3,"[997, 8, 567, 688, 695, 1089, 1080, 375, 463]","[126, 208, 75]"
DG,726,Dentate gyrus,"[997, 8, 567, 688, 695, 1089, 1080, 726]","[126, 208, 75]"
DG-mo,10703,"Dentate gyrus, molecular layer","[997, 8, 567, 688, 695, 1089, 1080, 726, 10703]","[126, 208, 75]"
DG-po,10704,"Dentate gyrus, polymorph layer","[997, 8, 567, 688, 695, 1089, 1080, 726, 10704]","[126, 208, 75]"
DG-sg,632,"Dentate gyrus, granule cell layer","[997, 8, 567, 688, 695, 1089, 1080, 726, 632]","[102, 168, 61]"
FC,982,Fasciola cinerea,"[997, 8, 567, 688, 695, 1089, 1080, 982]","[126, 208, 75]"
IG,19,Induseum griseum,"[997, 8, 567, 688, 695, 1089, 1080, 19]","[126, 208, 75]"
RHP,822,Retrohippocampal region,"[997, 8, 567, 688, 695, 1089, 822]","[50, 184, 37]"
ENT,909,Entorhinal area,"[997, 8, 567, 688, 695, 1089, 822, 909]","[50, 184, 37]"
ENTl,918,"Entorhinal area, lateral part","[997, 8, 567, 688, 695, 1089, 822, 909, 918]","[50, 184, 37]"
ENTl1,1121,"Entorhinal area, lateral part, layer 1","[997, 8, 567, 688, 695, 1089, 822, 909, 918, 1121]","[50, 184, 37]"
ENTl2,20,"Entorhinal area, lateral part, layer 2","[997, 8, 567, 688, 695, 1089, 822, 909, 918, 20]","[50, 184, 37]"
ENTl3,52,"Entorhinal area, lateral part, layer 3","[997, 8, 567, 688, 695, 1089, 822, 909, 918, 52]","[50, 184, 37]"
ENTl5,139,"Entorhinal area, lateral part, layer 5","[997, 8, 567, 688, 695, 1089, 822, 909, 918, 139]","[50, 184, 37]"
ENTl6a,28,"Entorhinal area, lateral part, layer 6a","[997, 8, 567, 688, 695, 1089, 822, 909, 918, 28]","[50, 184, 37]"
ENTm,926,"Entorhinal area, medial part, dorsal zone","[997, 8, 567, 688, 695, 1089, 822, 909, 926]","[50, 184, 37]"
ENTm1,526,"Entorhinal area, medial part, dorsal zone, layer 1","[997, 8, 567, 688, 695, 1089, 822, 909, 926, 526]","[50, 184, 37]"
ENTm2,543,"Entorhinal area, medial part, dorsal zone, layer 2","[997, 8, 567, 688, 695, 1089, 822, 909, 926, 543]","[50, 184, 37]"
ENTm3,664,"Entorhinal area, medial part, dorsal zone, layer 3","[997, 8, 567, 688, 695, 1089, 822, 909, 926, 664]","[50, 184, 37]"
ENTm5,727,"Entorhinal area, medial part, dorsal zone, layer 5","[997, 8, 567, 688, 695, 1089, 822, 909, 926, 727]","[50, 184, 37]"
ENTm6,743,"Entorhinal area, medial part, dorsal zone, layer 6","[997, 8, 567, 688, 695, 1089, 822, 909, 926, 743]","[50, 184, 37]"
PAR,843,Parasubiculum,"[997, 8, 567, 688, 695, 1089, 822, 843]","[114, 213, 105]"
POST,1037,Postsubiculum,"[997, 8, 567, 688, 695, 1089, 822, 1037]","[72, 200, 60]"
PRE,1084,Presubiculum,"[997, 8, 567, 688, 695, 1089, 822, 1084]","[89, 185, 71]"
SUB,502,Subiculum,"[997, 8, 567, 688, 695, 1089, 822, 502]","[79, 194, 68]"
ProS,484682470,Prosubiculum,"[997, 8, 567, 688, 695, 1089, 822, 484682470]","[88, 186, 72]"
HATA,589508447,Hippocampo-amygdalar transition area,"[997, 8, 567, 688, 695, 1089, 822, 589508447]","[51, 185, 50]"
APr,484682508,Area prostriata,"[997, 8, 567, 688, 695, 1089, 822, 484682508]","[51, 185, 50]"
CTXsp,703,Cortical subplate,"[997, 8, 567, 688, 703]","[138, 218, 135]"
CLA,583,Claustrum,"[997, 8, 567, 688, 703, 583]","[138, 218, 135]"
EP,942,Endopiriform nucleus,"[997, 8, 567, 688, 703, 942]","[160, 238, 157]"
EPd,952,"Endopiriform nucleus, dorsal part","[997, 8, 567, 688, 703, 942, 952]","[160, 238, 157]"
EPv,966,"Endopiriform nucleus, ventral part","[997, 8, 567, 688, 703, 942, 966]","[160, 238, 157]"
LA,131,Lateral amygdalar nucleus,"[997, 8, 567, 688, 703, 131]","[144, 235, 141]"
BLA,295,Basolateral amygdalar nucleus,"[997, 8, 567, 688, 703, 295]","[157, 231, 156]"
BLAa,303,"Basolateral amygdalar nucleus, anterior part","[997, 8, 567, 688, 703, 295, 303]","[157, 231, 156]"
BLAp,311,"Basolateral amygdalar nucleus, posterior part","[997, 8, 567, 688, 703, 295, 311]","[157, 231, 156]"
BLAv,451,"Basolateral amygdalar nucleus, ventral part","[997, 8, 567, 688, 703, 295, 451]","[157, 231, 156]"
BMA,319,Basomedial amygdalar nucleus,"[997, 8, 567, 688, 703, 319]","[132, 234, 129]"
BMAa,327,"Basomedial amygdalar nucleus, anterior part","[997, 8, 567, 688, 703, 319, 327]","[132, 234, 129]"
BMAp,334,"Basomedial amygdalar nucleus, posterior part","[997, 8, 567, 688, 703, 319, 334]","[132, 234, 129]"
PA,780,Posterior amygdalar nucleus,"[997, 8, 567, 688, 703, 780]","[151, 236, 147]"
CNU,623,Cerebral nuclei,"[997, 8, 567, 623]","[152, 214, 249]"
STR,477,Striatum,"[997, 8, 567, 623, 477]","[152, 214, 249]"
STRd,485,Striatum dorsal region,"[997, 8, 567, 623, 477, 485]","[152, 214, 249]"
CP,672,Caudoputamen,"[997, 8, 567, 623, 477, 485, 672]","[152, 214, 249]"
STRv,493,Striatum ventral region,"[997, 8, 567, 623, 477, 493]","[128, 205, 248]"
ACB,56,Nucleus accumbens,"[997, 8, 567, 623, 477, 493, 56]","[128, 205, 248]"
FS,998,Fundus of striatum,"[997, 8, 567, 623, 477, 493, 998]","[128, 205, 248]"
OT,754,Olfactory tubercle,"[997, 8, 567, 623, 477, 493, 754]","[128, 205, 248]"
LSX,275,Lateral septal complex,"[997, 8, 567, 623, 477, 275]","[144, 203, 237]"
LS,242,Lateral septal nucleus,"[997, 8, 567, 623, 477, 275, 242]","[144, 203, 237]"
LSc,250,"Lateral septal nucleus, caudal (caudodorsal) part","[997, 8, 567, 623, 477, 275, 242, 250]","[144, 203, 237]"
LSr,258,"Lateral septal nucleus, rostral (rostroventral) part","[997, 8, 567, 623, 477, 275, 242, 258]","[144, 203, 237]"
LSv,266,"Lateral septal nucleus, ventral part","[997, 8, 567, 623, 477, 275, 242, 266]","[144, 203, 237]"
SF,310,Septofimbrial nucleus,"[997, 8, 567, 623, 477, 275, 310]","[144, 203, 237]"
SH,333,Septohippocampal nucleus,"[997, 8, 567, 623, 477, 275, 333]","[144, 203, 237]"
sAMY,278,Striatum-like amygdalar nuclei,"[997, 8, 567, 623, 477, 278]","[128, 192, 226]"
AAA,23,Anterior amygdalar area,"[997, 8, 567, 623, 477, 278, 23]","[128, 192, 226]"
BA,292,Bed nucleus of the accessory olfactory tract,"[997, 8, 567, 623, 477, 278, 292]","[128, 192, 226]"
CEA,536,Central amygdalar nucleus,"[997, 8, 567, 623, 477, 278, 536]","[128, 192, 226]"
CEAc,544,"Central amygdalar nucleus, capsular part","[997, 8, 567, 623, 477, 278, 536, 544]","[128, 192, 226]"
CEAl,551,"Central amygdalar nucleus, lateral part","[997, 8, 567, 623, 477, 278, 536, 551]","[128, 192, 226]"
CEAm,559,"Central amygdalar nucleus, medial part","[997, 8, 567, 623, 477, 278, 536, 559]","[128, 192, 226]"
IA,1105,Intercalated amygdalar nucleus,"[997, 8, 567, 623, 477, 278, 1105]","[128, 192, 226]"
MEA,403,Medial amygdalar nucleus,"[997, 8, 567, 623, 477, 278, 403]","[128, 192, 226]"
PAL,803,Pallidum,"[997, 8, 567, 623, 803]","[133, 153, 204]"
PALd,818,"Pallidum, dorsal region","[997, 8, 567, 623, 803, 818]","[133, 153, 204]"
GPe,1022,"Globus pallidus, external segment","[997, 8, 567, 623, 803, 818, 1022]","[133, 153, 204]"
GPi,1031,"Globus pallidus, internal segment","[997, 8, 567, 623, 803, 818, 1031]","[133, 153, 204]"
PALv,835,"Pallidum, ventral region","[997, 8, 567, 623, 803, 835]","[162, 177, 216]"
SI,342,Substantia innominata,"[997, 8, 567, 623, 803, 835, 342]","[162, 177, 216]"
MA,298,Magnocellular nucleus,"[997, 8, 567, 623, 803, 835, 298]","[162, 177, 216]"
PALm,826,"Pallidum, medial region","[997, 8, 567, 623, 803, 826]","[150, 167, 211]"
MSC,904,Medial septal complex,"[997, 8, 567, 623, 803, 826, 904]","[150, 167, 211]"
MS,564,Medial septal nucleus,"[997, 8, 567, 623, 803, 826, 904, 564]","[150, 167, 211]"
NDB,596,Diagonal band nucleus,"[997, 8, 567, 623, 803, 826, 904, 596]","[150, 167, 211]"
TRS,581,Triangular nucleus of septum,"[997, 8, 567, 623, 803, 826, 581]","[150, 167, 211]"
PALc,809,"Pallidum, caudal region","[997, 8, 567, 623, 803, 809]","[179, 192, 223]"
BST,351,Bed nuclei of the stria terminalis,"[997, 8, 567, 623, 803, 809, 351]","[179, 192, 223]"
BAC,287,Bed nucleus of the anterior commissure,"[997, 8, 567, 623, 803, 809, 287]","[179, 192, 223]"
BS,343,Brain stem,"[997, 8, 343]","[255, 112, 128]"
IB,1129,Interbrain,"[997, 8, 343, 1129]","[255, 112, 128]"
TH,549,Thalamus,"[997, 8, 343, 1129, 549]","[255, 112, 128]"
DORsm,864,"Thalamus, sensory-motor cortex related","[997, 8, 343, 1129, 549, 864]","[255, 128, 132]"
VENT,637,Ventral group of the dorsal thalamus,"[997, 8, 343, 1129, 549, 864, 637]","[255, 128, 132]"
VAL,629,Ventral anterior-lateral complex of the thalamus,"[997, 8, 343, 1129, 549, 864, 637, 629]","[255, 128, 132]"
VM,685,Ventral medial nucleus of the thalamus,"[997, 8, 343, 1129, 549, 864, 637, 685]","[255, 128, 132]"
VP,709,Ventral posterior complex of the thalamus,"[997, 8, 343, 1129, 549, 864, 637, 709]","[255, 128, 132]"
VPL,718,Ventral posterolateral nucleus of the thalamus,"[997, 8, 343, 1129, 549, 864, 637, 709, 718]","[255, 128, 132]"
VPLpc,725,"Ventral posterolateral nucleus of the thalamus, parvicellular part","[997, 8, 343, 1129, 549, 864, 637, 709, 725]","[255, 128, 132]"
VPM,733,Ventral posteromedial nucleus of the thalamus,"[997, 8, 343, 1129, 549, 864, 637, 709, 733]","[255, 128, 132]"
VPMpc,741,"Ventral posteromedial nucleus of the thalamus, parvicellular part","[997, 8, 343, 1129, 549, 864, 637, 709, 741]","[255, 128, 132]"
PoT,563807435,Posterior triangular thalamic nucleus,"[997, 8, 343, 1129, 549, 864, 637, 563807435]","[255, 128, 132]"
SPF,406,Subparafascicular nucleus,"[997, 8, 343, 1129, 549, 864, 406]","[255, 128, 132]"
SPFm,414,"Subparafascicular nucleus, magnocellular part","[997, 8, 343, 1129, 549, 864, 406, 414]","[255, 128, 132]"
SPFp,422,"Subparafascicular nucleus, parvicellular part","[997, 8, 343, 1129, 549, 864, 406, 422]","[255, 128, 132]"
SPA,609,Subparafascicular area,"[997, 8, 343, 1129, 549, 864, 609]","[255, 128, 132]"
PP,1044,Peripeduncular nucleus,"[997, 8, 343, 1129, 549, 864, 1044]","[255, 128, 132]"
GENd,1008,"Geniculate group, dorsal thalamus","[997, 8, 343, 1129, 549, 864, 1008]","[255, 128, 132]"
MG,475,Medial geniculate complex,"[997, 8, 343, 1129, 549, 864, 1008, 475]","[255, 128, 132]"
MGd,1072,"Medial geniculate complex, dorsal part","[997, 8, 343, 1129, 549, 864, 1008, 475, 1072]","[255, 128, 132]"
MGv,1079,"Medial geniculate complex, ventral part","[997, 8, 343, 1129, 549, 864, 1008, 475, 1079]","[255, 128, 132]"
MGm,1088,"Medial geniculate complex, medial part","[997, 8, 343, 1129, 549, 864, 1008, 475, 1088]","[255, 128, 132]"
LGd,170,Dorsal part of the lateral geniculate complex,"[997, 8, 343, 1129, 549, 864, 1008, 170]","[255, 128, 132]"
LGd-sh,496345664,"Dorsal part of the lateral geniculate complex, shell","[997, 8, 343, 1129, 549, 864, 1008, 170, 496345664]","[255, 128, 132]"
LGd-co,496345668,"Dorsal part of the lateral geniculate complex, core","[997, 8, 343, 1129, 549, 864, 1008, 170, 496345668]","[255, 128, 132]"
LGd-ip,496345672,"Dorsal part of the lateral geniculate complex, ipsilateral zone","[997, 8, 343, 1129, 549, 864, 1008, 170, 496345672]","[255, 128, 132]"
DORpm,856,"Thalamus, polymodal association cortex related","[997, 8, 343, 1129, 549, 856]","[255, 144, 159]"
LAT,138,Lateral group of the dorsal thalamus,"[997, 8, 343, 1129, 549, 856, 138]","[255, 144, 159]"
LP,218,Lateral posterior nucleus of the thalamus,"[997, 8, 343, 1129, 549, 856, 138, 218]","[255, 144, 159]"
PO,1020,Posterior complex of the thalamus,"[997, 8, 343, 1129, 549, 856, 138, 1020]","[255, 144, 159]"
POL,1029,Posterior limiting nucleus of the thalamus,"[997, 8, 343, 1129, 549, 856, 138, 1029]","[255, 144, 159]"
SGN,325,Suprageniculate nucleus,"[997, 8, 343, 1129, 549, 856, 138, 325]","[255, 144, 159]"
Eth,560581551,Ethmoid nucleus of the thalamus,"[997, 8, 343, 1129, 549, 856, 138, 560581551]","[255, 144, 159]"
ATN,239,Anterior group of the dorsal thalamus,"[997, 8, 343, 1129, 549, 856, 239]","[255, 144, 159]"
AV,255,Anteroventral nucleus of thalamus,"[997, 8, 343, 1129, 549, 856, 239, 255]","[255, 144, 159]"
AM,127,Anteromedial nucleus,"[997, 8, 343, 1129, 549, 856, 239, 127]","[255, 144, 159]"
AMd,1096,"Anteromedial nucleus, dorsal part","[997, 8, 343, 1129, 549, 856, 239, 127, 1096]","[255, 144, 159]"
AMv,1104,"Anteromedial nucleus, ventral part","[997, 8, 343, 1129, 549, 856, 239, 127, 1104]","[255, 144, 159]"
AD,64,Anterodorsal nucleus,"[997, 8, 343, 1129, 549, 856, 239, 64]","[255, 144, 159]"
IAM,1120,Interanteromedial nucleus of the thalamus,"[997, 8, 343, 1129, 549, 856, 239, 1120]","[255, 144, 159]"
IAD,1113,Interanterodorsal nucleus of the thalamus,"[997, 8, 343, 1129, 549, 856, 239, 1113]","[255, 144, 159]"
LD,155,Lateral dorsal nucleus of thalamus,"[997, 8, 343, 1129, 549, 856, 239, 155]","[255, 144, 159]"
MED,444,Medial group of the dorsal thalamus,"[997, 8, 343, 1129, 549, 856, 444]","[255, 144, 159]"
IMD,59,Intermediodorsal nucleus of the thalamus,"[997, 8, 343, 1129, 549, 856, 444, 59]","[255, 144, 159]"
MD,362,Mediodorsal nucleus of thalamus,"[997, 8, 343, 1129, 549, 856, 444, 362]","[255, 144, 159]"
SMT,366,Submedial nucleus of the thalamus,"[997, 8, 343, 1129, 549, 856, 444, 366]","[255, 144, 159]"
PR,1077,Perireunensis nucleus,"[997, 8, 343, 1129, 549, 856, 444, 1077]","[255, 144, 159]"
MTN,571,Midline group of the dorsal thalamus,"[997, 8, 343, 1129, 549, 856, 571]","[255, 144, 159]"
PVT,149,Paraventricular nucleus of the thalamus,"[997, 8, 343, 1129, 549, 856, 571, 149]","[255, 144, 159]"
PT,15,Parataenial nucleus,"[997, 8, 343, 1129, 549, 856, 571, 15]","[255, 144, 159]"
RE,181,Nucleus of reuniens,"[997, 8, 343, 1129, 549, 856, 571, 181]","[255, 144, 159]"
Xi,560581559,Xiphoid thalamic nucleus,"[997, 8, 343, 1129, 549, 856, 571, 560581559]","[255, 144, 159]"
ILM,51,Intralaminar nuclei of the dorsal thalamus,"[997, 8, 343, 1129, 549, 856, 51]","[255, 144, 159]"
RH,189,Rhomboid nucleus,"[997, 8, 343, 1129, 549, 856, 51, 189]","[255, 144, 159]"
CM,599,Central medial nucleus of the thalamus,"[997, 8, 343, 1129, 549, 856, 51, 599]","[255, 144, 159]"
PCN,907,Paracentral nucleus,"[997, 8, 343, 1129, 549, 856, 51, 907]","[255, 144, 159]"
CL,575,Central lateral nucleus of the thalamus,"[997, 8, 343, 1129, 549, 856, 51, 575]","[255, 144, 159]"
PF,930,Parafascicular nucleus,"[997, 8, 343, 1129, 549, 856, 51, 930]","[255, 144, 159]"
PIL,560581563,Posterior intralaminar thalamic nucleus,"[997, 8, 343, 1129, 549, 856, 51, 560581563]","[255, 144, 159]"
RT,262,Reticular nucleus of the thalamus,"[997, 8, 343, 1129, 549, 856, 262]","[255, 144, 159]"
GENv,1014,"Geniculate group, ventral thalamus","[997, 8, 343, 1129, 549, 856, 1014]","[255, 144, 159]"
IGL,27,Intergeniculate leaflet of the lateral geniculate complex,"[997, 8, 343, 1129, 549, 856, 1014, 27]","[255, 144, 159]"
IntG,563807439,Intermediate geniculate nucleus,"[997, 8, 343, 1129, 549, 856, 1014, 563807439]","[255, 144, 159]"
LGv,178,Ventral part of the lateral geniculate complex,"[997, 8, 343, 1129, 549, 856, 1014, 178]","[255, 144, 159]"
SubG,321,Subgeniculate nucleus,"[997, 8, 343, 1129, 549, 856, 1014, 321]","[255, 144, 159]"
EPI,958,Epithalamus,"[997, 8, 343, 1129, 549, 856, 958]","[255, 144, 159]"
MH,483,Medial habenula,"[997, 8, 343, 1129, 549, 856, 958, 483]","[255, 144, 159]"
LH,186,Lateral habenula,"[997, 8, 343, 1129, 549, 856, 958, 186]","[255, 144, 159]"
HY,1097,Hypothalamus,"[997, 8, 343, 1129, 1097]","[230, 68, 56]"
PVZ,157,Periventricular zone,"[997, 8, 343, 1129, 1097, 157]","[255, 93, 80]"
SO,390,Supraoptic nucleus,"[997, 8, 343, 1129, 1097, 157, 390]","[255, 93, 80]"
ASO,332,Accessory supraoptic group,"[997, 8, 343, 1129, 1097, 157, 332]","[255, 93, 80]"
PVH,38,Paraventricular hypothalamic nucleus,"[997, 8, 343, 1129, 1097, 157, 38]","[255, 93, 80]"
PVa,30,"Periventricular hypothalamic nucleus, anterior part","[997, 8, 343, 1129, 1097, 157, 30]","[255, 93, 80]"
PVi,118,"Periventricular hypothalamic nucleus, intermediate part","[997, 8, 343, 1129, 1097, 157, 118]","[255, 93, 80]"
ARH,223,Arcuate hypothalamic nucleus,"[997, 8, 343, 1129, 1097, 157, 223]","[255, 93, 80]"
PVR,141,Periventricular region,"[997, 8, 343, 1129, 1097, 141]","[255, 85, 71]"
ADP,72,Anterodorsal preoptic nucleus,"[997, 8, 343, 1129, 1097, 141, 72]","[255, 85, 71]"
AVP,263,Anteroventral preoptic nucleus,"[997, 8, 343, 1129, 1097, 141, 263]","[255, 85, 71]"
AVPV,272,Anteroventral periventricular nucleus,"[997, 8, 343, 1129, 1097, 141, 272]","[255, 85, 71]"
DMH,830,Dorsomedial nucleus of the hypothalamus,"[997, 8, 343, 1129, 1097, 141, 830]","[255, 85, 71]"
MEPO,452,Median preoptic nucleus,"[997, 8, 343, 1129, 1097, 141, 452]","[255, 85, 71]"
MPO,523,Medial preoptic area,"[997, 8, 343, 1129, 1097, 141, 523]","[255, 85, 71]"
OV,763,Vascular organ of the lamina terminalis,"[997, 8, 343, 1129, 1097, 141, 763]","[255, 85, 71]"
PD,914,Posterodorsal preoptic nucleus,"[997, 8, 343, 1129, 1097, 141, 914]","[255, 85, 71]"
PS,1109,Parastrial nucleus,"[997, 8, 343, 1129, 1097, 141, 1109]","[255, 85, 71]"
PVp,126,"Periventricular hypothalamic nucleus, posterior part","[997, 8, 343, 1129, 1097, 141, 126]","[255, 85, 71]"
PVpo,133,"Periventricular hypothalamic nucleus, preoptic part","[997, 8, 343, 1129, 1097, 141, 133]","[255, 85, 71]"
SBPV,347,Subparaventricular zone,"[997, 8, 343, 1129, 1097, 141, 347]","[255, 85, 71]"
SCH,286,Suprachiasmatic nucleus,"[997, 8, 343, 1129, 1097, 141, 286]","[255, 85, 71]"
SFO,338,Subfornical organ,"[997, 8, 343, 1129, 1097, 141, 338]","[255, 85, 71]"
VMPO,576073699,Ventromedial preoptic nucleus,"[997, 8, 343, 1129, 1097, 141, 576073699]","[255, 85, 71]"
VLPO,689,Ventrolateral preoptic nucleus,"[997, 8, 343, 1129, 1097, 141, 689]","[255, 85, 71]"
MEZ,467,Hypothalamic medial zone,"[997, 8, 343, 1129, 1097, 467]","[255, 76, 62]"
AHN,88,Anterior hypothalamic nucleus,"[997, 8, 343, 1129, 1097, 467, 88]","[255, 76, 62]"
MBO,331,Mammillary body,"[997, 8, 343, 1129, 1097, 467, 331]","[255, 76, 62]"
LM,210,Lateral mammillary nucleus,"[997, 8, 343, 1129, 1097, 467, 331, 210]","[255, 76, 62]"
MM,491,Medial mammillary nucleus,"[997, 8, 343, 1129, 1097, 467, 331, 491]","[255, 76, 62]"
MMme,732,"Medial mammillary nucleus, median part","[997, 8, 343, 1129, 1097, 467, 331, 491, 732]","[255, 76, 62]"
MMl,606826647,"Medial mammillary nucleus, lateral part","[997, 8, 343, 1129, 1097, 467, 331, 491, 606826647]","[255, 76, 62]"
MMm,606826651,"Medial mammillary nucleus, medial part","[997, 8, 343, 1129, 1097, 467, 331, 491, 606826651]","[255, 76, 62]"
MMp,606826655,"Medial mammillary nucleus, posterior part","[997, 8, 343, 1129, 1097, 467, 331, 491, 606826655]","[255, 76, 62]"
MMd,606826659,"Medial mammillary nucleus, dorsal part","[997, 8, 343, 1129, 1097, 467, 331, 491, 606826659]","[255, 76, 62]"
SUM,525,Supramammillary nucleus,"[997, 8, 343, 1129, 1097, 467, 331, 525]","[255, 76, 62]"
TM,557,Tuberomammillary nucleus,"[997, 8, 343, 1129, 1097, 467, 331, 557]","[255, 76, 62]"
TMd,1126,"Tuberomammillary nucleus, dorsal part","[997, 8, 343, 1129, 1097, 467, 331, 557, 1126]","[255, 76, 62]"
TMv,1,"Tuberomammillary nucleus, ventral part","[997, 8, 343, 1129, 1097, 467, 331, 557, 1]","[255, 76, 62]"
MPN,515,Medial preoptic nucleus,"[997, 8, 343, 1129, 1097, 467, 515]","[255, 76, 62]"
PMd,980,Dorsal premammillary nucleus,"[997, 8, 343, 1129, 1097, 467, 980]","[255, 76, 62]"
PMv,1004,Ventral premammillary nucleus,"[997, 8, 343, 1129, 1097, 467, 1004]","[255, 76, 62]"
PVHd,63,"Paraventricular hypothalamic nucleus, descending division","[997, 8, 343, 1129, 1097, 467, 63]","[255, 76, 62]"
VMH,693,Ventromedial hypothalamic nucleus,"[997, 8, 343, 1129, 1097, 467, 693]","[255, 76, 62]"
PH,946,Posterior hypothalamic nucleus,"[997, 8, 343, 1129, 1097, 467, 946]","[255, 76, 62]"
LZ,290,Hypothalamic lateral zone,"[997, 8, 343, 1129, 1097, 290]","[242, 72, 59]"
LHA,194,Lateral hypothalamic area,"[997, 8, 343, 1129, 1097, 290, 194]","[242, 72, 59]"
LPO,226,Lateral preoptic area,"[997, 8, 343, 1129, 1097, 290, 226]","[242, 72, 59]"
PST,356,Preparasubthalamic nucleus,"[997, 8, 343, 1129, 1097, 290, 356]","[242, 72, 59]"
PSTN,364,Parasubthalamic nucleus,"[997, 8, 343, 1129, 1097, 290, 364]","[242, 72, 59]"
PeF,576073704,Perifornical nucleus,"[997, 8, 343, 1129, 1097, 290, 576073704]","[242, 72, 59]"
RCH,173,Retrochiasmatic area,"[997, 8, 343, 1129, 1097, 290, 173]","[242, 72, 59]"
STN,470,Subthalamic nucleus,"[997, 8, 343, 1129, 1097, 290, 470]","[242, 72, 59]"
TU,614,Tuberal nucleus,"[997, 8, 343, 1129, 1097, 290, 614]","[242, 72, 59]"
ZI,797,Zona incerta,"[997, 8, 343, 1129, 1097, 290, 797]","[242, 72, 59]"
FF,804,Fields of Forel,"[997, 8, 343, 1129, 1097, 290, 797, 804]","[242, 72, 59]"
ME,10671,Median eminence,"[997, 8, 343, 1129, 1097, 10671]","[242, 72, 59]"
MB,313,Midbrain,"[997, 8, 343, 313]","[255, 100, 255]"
MBsen,339,"Midbrain, sensory related","[997, 8, 343, 313, 339]","[255, 122, 255]"
SCs,302,"Superior colliculus, sensory related","[997, 8, 343, 313, 339, 302]","[255, 122, 255]"
SCop,851,"Superior colliculus, optic layer","[997, 8, 343, 313, 339, 302, 851]","[255, 122, 255]"
SCsg,842,"Superior colliculus, superficial gray layer","[997, 8, 343, 313, 339, 302, 842]","[255, 122, 255]"
SCzo,834,"Superior colliculus, zonal layer","[997, 8, 343, 313, 339, 302, 834]","[255, 122, 255]"
IC,4,Inferior colliculus,"[997, 8, 343, 313, 339, 4]","[255, 122, 255]"
ICc,811,"Inferior colliculus, central nucleus","[997, 8, 343, 313, 339, 4, 811]","[255, 122, 255]"
ICd,820,"Inferior colliculus, dorsal nucleus","[997, 8, 343, 313, 339, 4, 820]","[255, 122, 255]"
ICe,828,"Inferior colliculus, external nucleus","[997, 8, 343, 313, 339, 4, 828]","[255, 122, 255]"
NB,580,Nucleus of the brachium of the inferior colliculus,"[997, 8, 343, 313, 339, 580]","[255, 122, 255]"
SAG,271,Nucleus sagulum,"[997, 8, 343, 313, 339, 271]","[255, 122, 255]"
PBG,874,Parabigeminal nucleus,"[997, 8, 343, 313, 339, 874]","[255, 122, 255]"
MEV,460,Midbrain trigeminal nucleus,"[997, 8, 343, 313, 339, 460]","[255, 122, 255]"
SCO,599626923,Subcommissural organ,"[997, 8, 343, 313, 339, 599626923]","[255, 122, 255]"
MBmot,323,"Midbrain, motor related","[997, 8, 343, 313, 323]","[255, 144, 255]"
SNr,381,"Substantia nigra, reticular part","[997, 8, 343, 313, 323, 381]","[255, 144, 255]"
VTA,749,Ventral tegmental area,"[997, 8, 343, 313, 323, 749]","[255, 144, 255]"
PN,607344830,Paranigral nucleus,"[997, 8, 343, 313, 323, 607344830]","[255, 144, 255]"
RR,246,"Midbrain reticular nucleus, retrorubral area","[997, 8, 343, 313, 323, 246]","[255, 144, 255]"
MRN,128,Midbrain reticular nucleus,"[997, 8, 343, 313, 323, 128]","[255, 144, 255]"
SCm,294,"Superior colliculus, motor related","[997, 8, 343, 313, 323, 294]","[255, 144, 255]"
SCdg,26,"Superior colliculus, motor related, deep gray layer","[997, 8, 343, 313, 323, 294, 26]","[255, 144, 255]"
SCdw,42,"Superior colliculus, motor related, deep white layer","[997, 8, 343, 313, 323, 294, 42]","[255, 144, 255]"
SCiw,17,"Superior colliculus, motor related, intermediate white layer","[997, 8, 343, 313, 323, 294, 17]","[255, 144, 255]"
SCig,10,"Superior colliculus, motor related, intermediate gray layer","[997, 8, 343, 313, 323, 294, 10]","[255, 144, 255]"
PAG,795,Periaqueductal gray,"[997, 8, 343, 313, 323, 795]","[255, 144, 255]"
PRC,50,Precommissural nucleus,"[997, 8, 343, 313, 323, 795, 50]","[255, 144, 255]"
INC,67,Interstitial nucleus of Cajal,"[997, 8, 343, 313, 323, 795, 67]","[255, 144, 255]"
ND,587,Nucleus of Darkschewitsch,"[997, 8, 343, 313, 323, 795, 587]","[255, 144, 255]"
Su3,614454277,Supraoculomotor periaqueductal gray,"[997, 8, 343, 313, 323, 795, 614454277]","[255, 144, 255]"
PRT,1100,Pretectal region,"[997, 8, 343, 313, 323, 1100]","[255, 144, 255]"
APN,215,Anterior pretectal nucleus,"[997, 8, 343, 313, 323, 1100, 215]","[255, 144, 255]"
MPT,531,Medial pretectal area,"[997, 8, 343, 313, 323, 1100, 531]","[255, 144, 255]"
NOT,628,Nucleus of the optic tract,"[997, 8, 343, 313, 323, 1100, 628]","[255, 144, 255]"
NPC,634,Nucleus of the posterior commissure,"[997, 8, 343, 313, 323, 1100, 634]","[255, 144, 255]"
OP,706,Olivary pretectal nucleus,"[997, 8, 343, 313, 323, 1100, 706]","[255, 144, 255]"
PPT,1061,Posterior pretectal nucleus,"[997, 8, 343, 313, 323, 1100, 1061]","[255, 144, 255]"
RPF,549009203,Retroparafascicular nucleus,"[997, 8, 343, 313, 323, 1100, 549009203]","[255, 144, 255]"
CUN,616,Cuneiform nucleus,"[997, 8, 343, 313, 323, 616]","[255, 144, 255]"
RN,214,Red nucleus,"[997, 8, 343, 313, 323, 214]","[255, 144, 255]"
III,35,Oculomotor nucleus,"[997, 8, 343, 313, 323, 35]","[255, 144, 255]"
MA3,549009211,Medial accesory oculomotor nucleus,"[997, 8, 343, 313, 323, 549009211]","[255, 144, 255]"
EW,975,Edinger-Westphal nucleus,"[997, 8, 343, 313, 323, 975]","[255, 144, 255]"
IV,115,Trochlear nucleus,"[997, 8, 343, 313, 323, 115]","[255, 144, 255]"
Pa4,606826663,Paratrochlear nucleus,"[997, 8, 343, 313, 323, 606826663]","[255, 144, 255]"
VTN,757,Ventral tegmental nucleus,"[997, 8, 343, 313, 323, 757]","[255, 144, 255]"
AT,231,Anterior tegmental nucleus,"[997, 8, 343, 313, 323, 231]","[255, 144, 255]"
LT,66,Lateral terminal nucleus of the accessory optic tract,"[997, 8, 343, 313, 323, 66]","[255, 144, 255]"
DT,75,Dorsal terminal nucleus of the accessory optic tract,"[997, 8, 343, 313, 323, 75]","[255, 144, 255]"
MT,58,Medial terminal nucleus of the accessory optic tract,"[997, 8, 343, 313, 323, 58]","[255, 144, 255]"
MBsta,348,"Midbrain, behavioral state related","[997, 8, 343, 313, 348]","[255, 144, 255]"
SNc,374,"Substantia nigra, compact part","[997, 8, 343, 313, 348, 374]","[255, 166, 255]"
PPN,1052,Pedunculopontine nucleus,"[997, 8, 343, 313, 348, 1052]","[255, 166, 255]"
RAmb,165,Midbrain raphe nuclei,"[997, 8, 343, 313, 348, 165]","[255, 166, 255]"
IF,12,Interfascicular nucleus raphe,"[997, 8, 343, 313, 348, 165, 12]","[255, 166, 255]"
IPN,100,Interpeduncular nucleus,"[997, 8, 343, 313, 348, 165, 100]","[255, 166, 255]"
IPR,607344834,"Interpeduncular nucleus, rostral","[997, 8, 343, 313, 348, 165, 100, 607344834]","[255, 166, 255]"
IPC,607344838,"Interpeduncular nucleus, caudal","[997, 8, 343, 313, 348, 165, 100, 607344838]","[255, 166, 255]"
IPA,607344842,"Interpeduncular nucleus, apical","[997, 8, 343, 313, 348, 165, 100, 607344842]","[255, 166, 255]"
IPL,607344846,"Interpeduncular nucleus, lateral","[997, 8, 343, 313, 348, 165, 100, 607344846]","[255, 166, 255]"
IPI,607344850,"Interpeduncular nucleus, intermediate","[997, 8, 343, 313, 348, 165, 100, 607344850]","[255, 166, 255]"
IPDM,607344854,"Interpeduncular nucleus, dorsomedial","[997, 8, 343, 313, 348, 165, 100, 607344854]","[255, 166, 255]"
IPDL,607344858,"Interpeduncular nucleus, dorsolateral","[997, 8, 343, 313, 348, 165, 100, 607344858]","[255, 166, 255]"
IPRL,607344862,"Interpeduncular nucleus, rostrolateral","[997, 8, 343, 313, 348, 165, 100, 607344862]","[255, 166, 255]"
RL,197,Rostral linear nucleus raphe,"[997, 8, 343, 313, 348, 165, 197]","[255, 166, 255]"
CLI,591,Central linear nucleus raphe,"[997, 8, 343, 313, 348, 165, 591]","[255, 166, 255]"
DR,872,Dorsal nucleus raphe,"[997, 8, 343, 313, 348, 165, 872]","[255, 166, 255]"
HB,1065,Hindbrain,"[997, 8, 343, 1065]","[255, 155, 136]"
P,771,Pons,"[997, 8, 343, 1065, 771]","[255, 155, 136]"
P-sen,1132,"Pons, sensory related","[997, 8, 343, 1065, 771, 1132]","[255, 174, 111]"
NLL,612,Nucleus of the lateral lemniscus,"[997, 8, 343, 1065, 771, 1132, 612]","[255, 174, 111]"
PSV,7,Principal sensory nucleus of the trigeminal,"[997, 8, 343, 1065, 771, 1132, 7]","[255, 174, 111]"
PB,867,Parabrachial nucleus,"[997, 8, 343, 1065, 771, 1132, 867]","[255, 174, 111]"
KF,123,Koelliker-Fuse subnucleus,"[997, 8, 343, 1065, 771, 1132, 867, 123]","[255, 174, 111]"
SOC,398,Superior olivary complex,"[997, 8, 343, 1065, 771, 1132, 398]","[255, 174, 111]"
POR,122,"Superior olivary complex, periolivary region","[997, 8, 343, 1065, 771, 1132, 398, 122]","[255, 174, 111]"
SOCm,105,"Superior olivary complex, medial part","[997, 8, 343, 1065, 771, 1132, 398, 105]","[255, 174, 111]"
SOCl,114,"Superior olivary complex, lateral part","[997, 8, 343, 1065, 771, 1132, 398, 114]","[255, 174, 111]"
P-mot,987,"Pons, motor related","[997, 8, 343, 1065, 771, 987]","[255, 186, 134]"
B,280,Barrington's nucleus,"[997, 8, 343, 1065, 771, 987, 280]","[255, 186, 134]"
DTN,880,Dorsal tegmental nucleus,"[997, 8, 343, 1065, 771, 987, 880]","[255, 186, 134]"
PDTg,599626927,Posterodorsal tegmental nucleus,"[997, 8, 343, 1065, 771, 987, 599626927]","[255, 186, 134]"
PCG,898,Pontine central gray,"[997, 8, 343, 1065, 771, 987, 898]","[255, 186, 134]"
PG,931,Pontine gray,"[997, 8, 343, 1065, 771, 987, 931]","[255, 186, 134]"
PRNc,1093,"Pontine reticular nucleus, caudal part","[997, 8, 343, 1065, 771, 987, 1093]","[255, 186, 134]"
SG,318,Supragenual nucleus,"[997, 8, 343, 1065, 771, 987, 318]","[255, 186, 134]"
SUT,534,Supratrigeminal nucleus,"[997, 8, 343, 1065, 771, 987, 534]","[255, 186, 134]"
TRN,574,Tegmental reticular nucleus,"[997, 8, 343, 1065, 771, 987, 574]","[255, 186, 134]"
V,621,Motor nucleus of trigeminal,"[997, 8, 343, 1065, 771, 987, 621]","[255, 186, 134]"
P5,549009215,Peritrigeminal zone,"[997, 8, 343, 1065, 771, 987, 549009215]","[255, 186, 134]"
Acs5,549009219,Accessory trigeminal nucleus,"[997, 8, 343, 1065, 771, 987, 549009219]","[255, 186, 134]"
PC5,549009223,Parvicellular motor 5 nucleus,"[997, 8, 343, 1065, 771, 987, 549009223]","[255, 186, 134]"
I5,549009227,Intertrigeminal nucleus,"[997, 8, 343, 1065, 771, 987, 549009227]","[255, 186, 134]"
P-sat,1117,"Pons, behavioral state related","[997, 8, 343, 1065, 771, 1117]","[255, 195, 149]"
CS,679,Superior central nucleus raphe,"[997, 8, 343, 1065, 771, 1117, 679]","[255, 195, 149]"
LC,147,Locus ceruleus,"[997, 8, 343, 1065, 771, 1117, 147]","[255, 195, 149]"
LDT,162,Laterodorsal tegmental nucleus,"[997, 8, 343, 1065, 771, 1117, 162]","[255, 195, 149]"
NI,604,Nucleus incertus,"[997, 8, 343, 1065, 771, 1117, 604]","[255, 195, 149]"
PRNr,146,Pontine reticular nucleus,"[997, 8, 343, 1065, 771, 1117, 146]","[255, 195, 149]"
RPO,238,Nucleus raphe pontis,"[997, 8, 343, 1065, 771, 1117, 238]","[255, 195, 149]"
SLC,350,Subceruleus nucleus,"[997, 8, 343, 1065, 771, 1117, 350]","[255, 195, 149]"
SLD,358,Sublaterodorsal nucleus,"[997, 8, 343, 1065, 771, 1117, 358]","[255, 195, 149]"
MY,354,Medulla,"[997, 8, 343, 1065, 354]","[255, 155, 205]"
MY-sen,386,"Medulla, sensory related","[997, 8, 343, 1065, 354, 386]","[255, 165, 210]"
AP,207,Area postrema,"[997, 8, 343, 1065, 354, 386, 207]","[255, 165, 210]"
CN,607,Cochlear nuclei,"[997, 8, 343, 1065, 354, 386, 607]","[255, 165, 210]"
DCO,96,Dorsal cochlear nucleus,"[997, 8, 343, 1065, 354, 386, 607, 96]","[255, 165, 210]"
VCO,101,Ventral cochlear nucleus,"[997, 8, 343, 1065, 354, 386, 607, 101]","[255, 165, 210]"
DCN,720,Dorsal column nuclei,"[997, 8, 343, 1065, 354, 386, 720]","[255, 165, 210]"
CU,711,Cuneate nucleus,"[997, 8, 343, 1065, 354, 386, 720, 711]","[255, 165, 210]"
GR,1039,Gracile nucleus,"[997, 8, 343, 1065, 354, 386, 720, 1039]","[255, 165, 210]"
ECU,903,External cuneate nucleus,"[997, 8, 343, 1065, 354, 386, 903]","[255, 165, 210]"
NTB,642,Nucleus of the trapezoid body,"[997, 8, 343, 1065, 354, 386, 642]","[255, 165, 210]"
NTS,651,Nucleus of the solitary tract,"[997, 8, 343, 1065, 354, 386, 651]","[255, 165, 210]"
SPVC,429,"Spinal nucleus of the trigeminal, caudal part","[997, 8, 343, 1065, 354, 386, 429]","[255, 165, 210]"
SPVI,437,"Spinal nucleus of the trigeminal, interpolar part","[997, 8, 343, 1065, 354, 386, 437]","[255, 165, 210]"
SPVO,445,"Spinal nucleus of the trigeminal, oral part","[997, 8, 343, 1065, 354, 386, 445]","[255, 165, 210]"
Pa5,589508451,Paratrigeminal nucleus,"[997, 8, 343, 1065, 354, 386, 589508451]","[255, 165, 210]"
MY-mot,370,"Medulla, motor related","[997, 8, 343, 1065, 354, 370]","[255, 179, 217]"
VI,653,Abducens nucleus,"[997, 8, 343, 1065, 354, 370, 653]","[255, 179, 217]"
VII,661,Facial motor nucleus,"[997, 8, 343, 1065, 354, 370, 661]","[255, 179, 217]"
ACVII,576,Accessory facial motor nucleus,"[997, 8, 343, 1065, 354, 370, 576]","[255, 179, 217]"
AMB,135,Nucleus ambiguus,"[997, 8, 343, 1065, 354, 370, 135]","[255, 179, 217]"
AMBd,939,"Nucleus ambiguus, dorsal division","[997, 8, 343, 1065, 354, 370, 135, 939]","[255, 179, 217]"
AMBv,143,"Nucleus ambiguus, ventral division","[997, 8, 343, 1065, 354, 370, 135, 143]","[255, 179, 217]"
DMX,839,Dorsal motor nucleus of the vagus nerve,"[997, 8, 343, 1065, 354, 370, 839]","[255, 179, 217]"
GRN,1048,Gigantocellular reticular nucleus,"[997, 8, 343, 1065, 354, 370, 1048]","[255, 179, 217]"
ICB,372,Infracerebellar nucleus,"[997, 8, 343, 1065, 354, 370, 372]","[255, 179, 217]"
IO,83,Inferior olivary complex,"[997, 8, 343, 1065, 354, 370, 83]","[255, 179, 217]"
IRN,136,Intermediate reticular nucleus,"[997, 8, 343, 1065, 354, 370, 136]","[255, 179, 217]"
ISN,106,Inferior salivatory nucleus,"[997, 8, 343, 1065, 354, 370, 106]","[255, 179, 217]"
LIN,203,Linear nucleus of the medulla,"[997, 8, 343, 1065, 354, 370, 203]","[255, 179, 217]"
LRN,235,Lateral reticular nucleus,"[997, 8, 343, 1065, 354, 370, 235]","[255, 179, 217]"
LRNm,955,"Lateral reticular nucleus, magnocellular part","[997, 8, 343, 1065, 354, 370, 235, 955]","[255, 179, 217]"
LRNp,963,"Lateral reticular nucleus, parvicellular part","[997, 8, 343, 1065, 354, 370, 235, 963]","[255, 179, 217]"
MARN,307,Magnocellular reticular nucleus,"[997, 8, 343, 1065, 354, 370, 307]","[255, 179, 217]"
MDRN,395,Medullary reticular nucleus,"[997, 8, 343, 1065, 354, 370, 395]","[255, 179, 217]"
MDRNd,1098,"Medullary reticular nucleus, dorsal part","[997, 8, 343, 1065, 354, 370, 395, 1098]","[255, 179, 217]"
MDRNv,1107,"Medullary reticular nucleus, ventral part","[997, 8, 343, 1065, 354, 370, 395, 1107]","[255, 179, 217]"
PARN,852,Parvicellular reticular nucleus,"[997, 8, 343, 1065, 354, 370, 852]","[255, 179, 217]"
PAS,859,Parasolitary nucleus,"[997, 8, 343, 1065, 354, 370, 859]","[255, 179, 217]"
PGRN,938,Paragigantocellular reticular nucleus,"[997, 8, 343, 1065, 354, 370, 938]","[255, 179, 217]"
PGRNd,970,"Paragigantocellular reticular nucleus, dorsal part","[997, 8, 343, 1065, 354, 370, 938, 970]","[255, 179, 217]"
PGRNl,978,"Paragigantocellular reticular nucleus, lateral part","[997, 8, 343, 1065, 354, 370, 938, 978]","[255, 179, 217]"
PHY,154,Perihypoglossal nuclei,"[997, 8, 343, 1065, 354, 370, 154]","[255, 179, 217]"
NR,177,Nucleus of Roller,"[997, 8, 343, 1065, 354, 370, 154, 177]","[255, 179, 217]"
PRP,169,Nucleus prepositus,"[997, 8, 343, 1065, 354, 370, 154, 169]","[255, 179, 217]"
PPY,1069,Parapyramidal nucleus,"[997, 8, 343, 1065, 354, 370, 1069]","[255, 179, 217]"
VNC,701,Vestibular nuclei,"[997, 8, 343, 1065, 354, 370, 701]","[255, 179, 217]"
LAV,209,Lateral vestibular nucleus,"[997, 8, 343, 1065, 354, 370, 701, 209]","[255, 179, 217]"
MV,202,Medial vestibular nucleus,"[997, 8, 343, 1065, 354, 370, 701, 202]","[255, 179, 217]"
SPIV,225,Spinal vestibular nucleus,"[997, 8, 343, 1065, 354, 370, 701, 225]","[255, 179, 217]"
SUV,217,Superior vestibular nucleus,"[997, 8, 343, 1065, 354, 370, 701, 217]","[255, 179, 217]"
x,765,Nucleus x,"[997, 8, 343, 1065, 354, 370, 765]","[255, 179, 217]"
XII,773,Hypoglossal nucleus,"[997, 8, 343, 1065, 354, 370, 773]","[255, 179, 217]"
y,781,Nucleus y,"[997, 8, 343, 1065, 354, 370, 781]","[255, 179, 217]"
MY-sat,379,"Medulla, behavioral state related","[997, 8, 343, 1065, 354, 379]","[255, 198, 226]"
RM,206,Nucleus raphe magnus,"[997, 8, 343, 1065, 354, 379, 206]","[255, 198, 226]"
RPA,230,Nucleus raphe pallidus,"[997, 8, 343, 1065, 354, 379, 230]","[255, 198, 226]"
RO,222,Nucleus raphe obscurus,"[997, 8, 343, 1065, 354, 379, 222]","[255, 198, 226]"
CB,512,Cerebellum,"[997, 8, 512]","[240, 240, 128]"
CBX,528,Cerebellar cortex,"[997, 8, 512, 528]","[240, 240, 128]"
VERM,645,Vermal regions,"[997, 8, 512, 528, 645]","[255, 252, 145]"
LING,912,Lingula (I),"[997, 8, 512, 528, 645, 912]","[255, 252, 145]"
CENT,920,Central lobule,"[997, 8, 512, 528, 645, 920]","[255, 252, 145]"
CENT2,976,Lobule II,"[997, 8, 512, 528, 645, 920, 976]","[255, 252, 145]"
CENT3,984,Lobule III,"[997, 8, 512, 528, 645, 920, 984]","[255, 252, 145]"
CUL,928,Culmen,"[997, 8, 512, 528, 645, 928]","[255, 252, 145]"
"CUL4, 5",1091,Lobules IV-V,"[997, 8, 512, 528, 645, 928, 1091]","[255, 252, 145]"
DEC,936,Declive (VI),"[997, 8, 512, 528, 645, 936]","[255, 252, 145]"
FOTU,944,Folium-tuber vermis (VII),"[997, 8, 512, 528, 645, 944]","[255, 252, 145]"
PYR,951,Pyramus (VIII),"[997, 8, 512, 528, 645, 951]","[255, 252, 145]"
UVU,957,Uvula (IX),"[997, 8, 512, 528, 645, 957]","[255, 252, 145]"
NOD,968,Nodulus (X),"[997, 8, 512, 528, 645, 968]","[255, 252, 145]"
HEM,1073,Hemispheric regions,"[997, 8, 512, 528, 1073]","[255, 252, 145]"
SIM,1007,Simple lobule,"[997, 8, 512, 528, 1073, 1007]","[255, 252, 145]"
AN,1017,Ansiform lobule,"[997, 8, 512, 528, 1073, 1017]","[255, 252, 145]"
ANcr1,1056,Crus 1,"[997, 8, 512, 528, 1073, 1017, 1056]","[255, 252, 145]"
ANcr2,1064,Crus 2,"[997, 8, 512, 528, 1073, 1017, 1064]","[255, 252, 145]"
PRM,1025,Paramedian lobule,"[997, 8, 512, 528, 1073, 1025]","[255, 252, 145]"
COPY,1033,Copula pyramidis,"[997, 8, 512, 528, 1073, 1033]","[255, 252, 145]"
PFL,1041,Paraflocculus,"[997, 8, 512, 528, 1073, 1041]","[255, 252, 145]"
FL,1049,Flocculus,"[997, 8, 512, 528, 1073, 1049]","[255, 252, 145]"
CBN,519,Cerebellar nuclei,"[997, 8, 512, 519]","[240, 240, 128]"
FN,989,Fastigial nucleus,"[997, 8, 512, 519, 989]","[255, 253, 188]"
IP,91,Interposed nucleus,"[997, 8, 512, 519, 91]","[255, 253, 188]"
DN,846,Dentate nucleus,"[997, 8, 512, 519, 846]","[255, 253, 188]"
VeCB,589508455,Vestibulocerebellar nucleus,"[997, 8, 512, 519, 589508455]","[255, 253, 188]"
fiber tracts,1009,fiber tracts,"[997, 1009]","[204, 204, 204]"
cm,967,cranial nerves,"[997, 1009, 967]","[204, 204, 204]"
von,949,vomeronasal nerve,"[997, 1009, 967, 949]","[204, 204, 204]"
In,840,olfactory nerve,"[997, 1009, 967, 840]","[204, 204, 204]"
onl,1016,olfactory nerve layer of main olfactory bulb,"[997, 1009, 967, 840, 1016]","[204, 204, 204]"
lotg,21,"lateral olfactory tract, general","[997, 1009, 967, 840, 21]","[204, 204, 204]"
lot,665,"lateral olfactory tract, body","[997, 1009, 967, 840, 21, 665]","[204, 204, 204]"
lotd,538,dorsal limb,"[997, 1009, 967, 840, 21, 538]","[204, 204, 204]"
aco,900,"anterior commissure, olfactory limb","[997, 1009, 967, 840, 900]","[204, 204, 204]"
IIn,848,optic nerve,"[997, 1009, 967, 848]","[204, 204, 204]"
bsc,916,brachium of the superior colliculus,"[997, 1009, 967, 848, 916]","[204, 204, 204]"
csc,336,superior colliculus commissure,"[997, 1009, 967, 848, 336]","[204, 204, 204]"
och,117,optic chiasm,"[997, 1009, 967, 848, 117]","[204, 204, 204]"
opt,125,optic tract,"[997, 1009, 967, 848, 125]","[204, 204, 204]"
IIIn,832,oculomotor nerve,"[997, 1009, 967, 832]","[204, 204, 204]"
mlf,62,medial longitudinal fascicle,"[997, 1009, 967, 832, 62]","[204, 204, 204]"
pc,158,posterior commissure,"[997, 1009, 967, 832, 158]","[204, 204, 204]"
IVn,911,trochlear nerve,"[997, 1009, 967, 911]","[204, 204, 204]"
Vn,901,trigeminal nerve,"[997, 1009, 967, 901]","[204, 204, 204]"
moV,93,motor root of the trigeminal nerve,"[997, 1009, 967, 901, 93]","[204, 204, 204]"
sV,229,sensory root of the trigeminal nerve,"[997, 1009, 967, 901, 229]","[204, 204, 204]"
sptV,794,spinal tract of the trigeminal nerve,"[997, 1009, 967, 901, 229, 794]","[204, 204, 204]"
VIIn,798,facial nerve,"[997, 1009, 967, 798]","[204, 204, 204]"
gVIIn,1116,genu of the facial nerve,"[997, 1009, 967, 798, 1116]","[204, 204, 204]"
VIIIn,933,vestibulocochlear nerve,"[997, 1009, 967, 933]","[204, 204, 204]"
vVIIIn,413,vestibular nerve,"[997, 1009, 967, 933, 413]","[204, 204, 204]"
cVIIIn,948,cochlear nerve,"[997, 1009, 967, 933, 948]","[204, 204, 204]"
tb,841,trapezoid body,"[997, 1009, 967, 933, 948, 841]","[204, 204, 204]"
das,506,dorsal acoustic stria,"[997, 1009, 967, 933, 948, 506]","[204, 204, 204]"
ll,658,lateral lemniscus,"[997, 1009, 967, 933, 948, 658]","[204, 204, 204]"
cic,633,inferior colliculus commissure,"[997, 1009, 967, 933, 948, 633]","[204, 204, 204]"
bic,482,brachium of the inferior colliculus,"[997, 1009, 967, 933, 948, 482]","[204, 204, 204]"
Xn,917,vagus nerve,"[997, 1009, 967, 917]","[204, 204, 204]"
ts,237,solitary tract,"[997, 1009, 967, 917, 237]","[204, 204, 204]"
drt,792,dorsal roots,"[997, 1009, 967, 792]","[204, 204, 204]"
cett,932,cervicothalamic tract,"[997, 1009, 967, 792, 932]","[204, 204, 204]"
dc,514,dorsal column,"[997, 1009, 967, 792, 932, 514]","[204, 204, 204]"
cuf,380,cuneate fascicle,"[997, 1009, 967, 792, 932, 514, 380]","[204, 204, 204]"
ml,697,medial lemniscus,"[997, 1009, 967, 792, 932, 697]","[204, 204, 204]"
cbf,960,cerebellum related fiber tracts,"[997, 1009, 960]","[204, 204, 204]"
cbc,744,cerebellar commissure,"[997, 1009, 960, 744]","[204, 204, 204]"
cbp,752,cerebellar peduncles,"[997, 1009, 960, 752]","[204, 204, 204]"
scp,326,superior cerebelar peduncles,"[997, 1009, 960, 752, 326]","[204, 204, 204]"
dscp,812,superior cerebellar peduncle decussation,"[997, 1009, 960, 752, 326, 812]","[204, 204, 204]"
uf,850,uncinate fascicle,"[997, 1009, 960, 752, 326, 850]","[204, 204, 204]"
sctv,866,ventral spinocerebellar tract,"[997, 1009, 960, 752, 326, 866]","[204, 204, 204]"
mcp,78,middle cerebellar peduncle,"[997, 1009, 960, 752, 78]","[204, 204, 204]"
icp,1123,inferior cerebellar peduncle,"[997, 1009, 960, 752, 1123]","[204, 204, 204]"
sctd,553,dorsal spinocerebellar tract,"[997, 1009, 960, 752, 1123, 553]","[204, 204, 204]"
arb,728,arbor vitae,"[997, 1009, 960, 728]","[204, 204, 204]"
scwm,484682512,supra-callosal cerebral white matter,"[997, 1009, 484682512]","[204, 204, 204]"
lfbs,983,lateral forebrain bundle system,"[997, 1009, 983]","[204, 204, 204]"
cc,776,corpus callosum,"[997, 1009, 983, 776]","[204, 204, 204]"
fa,956,"corpus callosum, anterior forceps","[997, 1009, 983, 776, 956]","[204, 204, 204]"
ec,579,external capsule,"[997, 1009, 983, 776, 956, 579]","[204, 204, 204]"
ee,964,"corpus callosum, extreme capsule","[997, 1009, 983, 776, 964]","[204, 204, 204]"
ccg,1108,genu of corpus callosum,"[997, 1009, 983, 776, 1108]","[204, 204, 204]"
fp,971,"corpus callosum, posterior forceps","[997, 1009, 983, 776, 971]","[204, 204, 204]"
ccb,484682516,"corpus callosum, body","[997, 1009, 983, 776, 484682516]","[204, 204, 204]"
ccs,986,"corpus callosum, splenium","[997, 1009, 983, 776, 986]","[204, 204, 204]"
cst,784,corticospinal tract,"[997, 1009, 983, 784]","[204, 204, 204]"
int,6,internal capsule,"[997, 1009, 983, 784, 6]","[204, 204, 204]"
cpd,924,cerebal peduncle,"[997, 1009, 983, 784, 924]","[204, 204, 204]"
py,190,pyramid,"[997, 1009, 983, 784, 190]","[204, 204, 204]"
pyd,198,pyramidal decussation,"[997, 1009, 983, 784, 198]","[204, 204, 204]"
lfbst,896,thalamus related,"[997, 1009, 983, 896]","[204, 204, 204]"
em,1092,external medullary lamina of the thalamus,"[997, 1009, 983, 896, 1092]","[204, 204, 204]"
or,484682520,optic radiation,"[997, 1009, 983, 896, 484682520]","[204, 204, 204]"
ar,484682524,auditory radiation,"[997, 1009, 983, 896, 484682524]","[204, 204, 204]"
eps,1000,extrapyramidal fiber systems,"[997, 1009, 1000]","[204, 204, 204]"
epsc,760,cerebral nuclei related,"[997, 1009, 1000, 760]","[204, 204, 204]"
nst,102,nigrostriatal tract,"[997, 1009, 1000, 760, 102]","[204, 204, 204]"
tsp,877,tectospinal pathway,"[997, 1009, 1000, 877]","[204, 204, 204]"
tspd,1051,direct tectospinal pathway,"[997, 1009, 1000, 877, 1051]","[204, 204, 204]"
dtd,1060,doral tegmental decussation,"[997, 1009, 1000, 877, 1060]","[204, 204, 204]"
tspc,1043,crossed tectospinal pathway,"[997, 1009, 1000, 877, 1043]","[204, 204, 204]"
rust,863,rubrospinal tract,"[997, 1009, 1000, 863]","[204, 204, 204]"
vtd,397,ventral tegmental decussation,"[997, 1009, 1000, 863, 397]","[204, 204, 204]"
mfbs,991,medial forebrain bundle system,"[997, 1009, 991]","[204, 204, 204]"
mfbc,768,cerebrum related,"[997, 1009, 991, 768]","[204, 204, 204]"
amc,884,amygdalar capsule,"[997, 1009, 991, 768, 884]","[204, 204, 204]"
act,908,"anterior commissure, temporal limb","[997, 1009, 991, 768, 908]","[204, 204, 204]"
cing,940,cingulum bundle,"[997, 1009, 991, 768, 940]","[204, 204, 204]"
fxs,1099,fornix system,"[997, 1009, 991, 768, 1099]","[204, 204, 204]"
alv,466,alveus,"[997, 1009, 991, 768, 1099, 466]","[204, 204, 204]"
df,530,dorsal fornix,"[997, 1009, 991, 768, 1099, 530]","[204, 204, 204]"
fi,603,fimbria,"[997, 1009, 991, 768, 1099, 603]","[204, 204, 204]"
fxpo,737,postcommissural fornix,"[997, 1009, 991, 768, 1099, 737]","[204, 204, 204]"
mct,428,medial corticohypothalamic tract,"[997, 1009, 991, 768, 1099, 737, 428]","[204, 204, 204]"
fx,436,columns of the fornix,"[997, 1009, 991, 768, 1099, 737, 436]","[204, 204, 204]"
hc,618,hippocampal commissures,"[997, 1009, 991, 768, 1099, 618]","[204, 204, 204]"
dhc,443,dorsal hippocampal commissure,"[997, 1009, 991, 768, 1099, 618, 443]","[204, 204, 204]"
vhc,449,ventral hippocampal commissure,"[997, 1009, 991, 768, 1099, 618, 449]","[204, 204, 204]"
st,301,stria terminalis,"[997, 1009, 991, 768, 301]","[204, 204, 204]"
stc,484682528,commissural branch of stria terminalis,"[997, 1009, 991, 768, 301, 484682528]","[204, 204, 204]"
mfsbshy,824,hypothalamus related,"[997, 1009, 991, 824]","[204, 204, 204]"
mfb,54,medial forebrain bundle,"[997, 1009, 991, 824, 54]","[204, 204, 204]"
sup,349,supraoptic commissures,"[997, 1009, 991, 824, 349]","[204, 204, 204]"
mfbsma,46,mammillary related,"[997, 1009, 991, 824, 46]","[204, 204, 204]"
pm,753,principal mammillary tract,"[997, 1009, 991, 824, 46, 753]","[204, 204, 204]"
mtt,690,mammillothalamic tract,"[997, 1009, 991, 824, 46, 690]","[204, 204, 204]"
mtg,681,mammillotegmental tract,"[997, 1009, 991, 824, 46, 681]","[204, 204, 204]"
mp,673,mammillary peduncle,"[997, 1009, 991, 824, 46, 673]","[204, 204, 204]"
mfbse,1083,epithalamus related,"[997, 1009, 991, 824, 1083]","[204, 204, 204]"
sm,802,stria medullaris,"[997, 1009, 991, 824, 1083, 802]","[204, 204, 204]"
fr,595,fasciculus retroflexus,"[997, 1009, 991, 824, 1083, 595]","[204, 204, 204]"
hbc,611,habenular commissure,"[997, 1009, 991, 824, 1083, 611]","[204, 204, 204]"
VS,73,ventricular systems,"[997, 73]","[170, 170, 170]"
VL,81,lateral ventricle,"[997, 73, 81]","[170, 170, 170]"
SEZ,98,subependymal zone,"[997, 73, 81, 98]","[170, 170, 170]"
chpl,108,choroid plexus,"[997, 73, 81, 108]","[170, 170, 170]"
V3,129,third ventricle,"[997, 73, 129]","[170, 170, 170]"
AQ,140,cerebral aqueduct,"[997, 73, 140]","[170, 170, 170]"
V4,145,fourth ventricle,"[997, 73, 145]","[170, 170, 170]"
V4r,153,lateral recess,"[997, 73, 145, 153]","[170, 170, 170]"
c,164,"central canal, spinal cord/medulla","[997, 73, 164]","[170, 170, 170]"
